Date,Air_Temp
8/27/2002,28.2
8/28/2002,27.4
8/29/2002,26.8
9/3/2002,30.3
9/27/2002,24
9/28/2002,25.7
10/2/2002,29.9
10/4/2002,29.2
10/15/2002,16.3
10/16/2002,18.9
10/17/2002,12.2
10/18/2002,9.6
10/19/2002,19.5
10/20/2002,13.9
10/21/2002,12.6
10/22/2002,16.4
10/23/2002,13.2
10/24/2002,9.7
10/25/2002,10.3
10/26/2002,7
10/27/2002,9.5
10/28/2002,11.8
10/29/2002,13.3
10/30/2002,6.3
10/31/2002,9.5
11/1/2002,10.7
11/2/2002,4.8
11/3/2002,10
11/4/2002,5.1
11/5/2002,6
11/6/2002,5
11/7/2002,5.3
11/8/2002,14.1
11/9/2002,18.8
11/10/2002,18.2
11/11/2002,19.4
11/12/2002,9.6
11/13/2002,7.3
11/14/2002,13.8
11/15/2002,13.5
11/16/2002,7.6
11/17/2002,0.7
11/18/2002,3.1
11/19/2002,10
11/20/2002,13.5
11/21/2002,14.5
11/22/2002,7.1
11/23/2002,3.4
11/24/2002,9
11/25/2002,8.1
11/26/2002,1
11/27/2002,0.9
11/28/2002,1.3
11/29/2002,2.1
11/30/2002,11.5
12/1/2002,5.5
12/2/2002,1.6
12/3/2002,8.3
12/4/2002,-2
12/5/2002,-2.7
12/6/2002,-0.1
12/7/2002,1.8
12/8/2002,7.3
12/9/2002,2.4
12/10/2002,2.8
12/11/2002,3.9
12/12/2002,7.8
12/13/2002,3.3
12/14/2002,3
12/15/2002,5.6
12/16/2002,11.2
12/17/2002,2
12/18/2002,5
12/19/2002,14
12/20/2002,12.3
12/21/2002,3.3
12/22/2002,4.9
12/23/2002,4.6
12/24/2002,0.9
12/25/2002,-0.2
12/26/2002,-2.2
12/27/2002,-4.8
12/28/2002,-0.6
12/29/2002,3
12/30/2002,6.2
12/31/2002,13.8
1/1/2003,8.5
1/2/2003,1.6
1/3/2003,-1.6
1/4/2003,-3
1/5/2003,-0.6
1/6/2003,1
1/7/2003,0.6
1/8/2003,3.8
1/9/2003,9.2
1/10/2003,6.9
1/11/2003,0.7
1/12/2003,-5
1/13/2003,-1.1
1/14/2003,-0.9
1/15/2003,-6.9
1/16/2003,-6.7
1/17/2003,-4.8
1/20/2003,-0.1
1/21/2003,0.4
1/22/2003,-6.9
1/23/2003,-10.1
1/24/2003,-12.9
1/25/2003,-9.6
1/26/2003,-1
1/27/2003,-2.1
1/29/2003,0.9
1/30/2003,-0.3
1/31/2003,-1.4
2/4/2003,12.5
2/5/2003,0.9
2/6/2003,-2.3
2/7/2003,0.3
2/10/2003,-2
2/11/2003,-0.6
2/12/2003,1.9
2/15/2003,2.5
2/16/2003,-0.5
2/17/2003,-5.8
2/18/2003,-2.3
2/19/2003,0.1
2/20/2003,3.2
2/21/2003,7.4
2/25/2003,-4.6
2/26/2003,-4.1
2/27/2003,-1.4
2/28/2003,-0.1
3/3/2003,0.6
3/4/2003,0.5
3/5/2003,7.7
3/6/2003,3.4
3/7/2003,1
3/8/2003,5.8
3/9/2003,16.2
3/10/2003,-3.5
3/11/2003,-2.5
3/12/2003,7.4
3/13/2003,13.9
3/14/2003,8.5
3/17/2003,22.4
3/18/2003,23.6
3/19/2003,20.3
3/20/2003,19.7
3/23/2003,9.6
4/1/2003,14.4
4/2/2003,27.4
4/3/2003,24.9
4/5/2003,20
4/7/2003,2.8
4/9/2003,2.9
4/11/2003,16
4/12/2003,20.9
4/13/2003,18
4/14/2003,19.3
4/15/2003,27.9
4/16/2003,28.5
4/17/2003,26
4/19/2003,19.5
4/20/2003,26.6
4/21/2003,22.3
4/22/2003,12.1
4/23/2003,13.7
4/24/2003,18
4/25/2003,16.3
4/26/2003,12.5
4/27/2003,19.1
4/28/2003,22.4
4/29/2003,24.2
4/30/2003,25.6
5/1/2003,27.8
5/2/2003,22.1
5/3/2003,17.3
5/4/2003,18.4
5/5/2003,15.2
5/6/2003,25.4
5/7/2003,25.6
5/8/2003,23.5
5/9/2003,18.1
5/12/2003,21.4
5/13/2003,19.7
5/14/2003,22.6
5/15/2003,19.6
5/16/2003,16.4
5/17/2003,20.2
5/18/2003,20.7
5/19/2003,23.3
5/20/2003,25
5/21/2003,19.8
5/22/2003,17.4
5/23/2003,19.5
5/24/2003,18
5/25/2003,22.6
5/26/2003,18.5
5/27/2003,23
5/28/2003,24.4
5/29/2003,22.6
5/30/2003,17.2
5/31/2003,22.3
6/1/2003,17.3
6/2/2003,19.2
6/3/2003,19.4
6/4/2003,14.5
6/5/2003,20.3
6/6/2003,24.5
6/7/2003,23.8
6/8/2003,25.7
6/9/2003,22.3
6/10/2003,26.1
6/11/2003,24.4
6/12/2003,27.6
6/13/2003,25.4
6/14/2003,23.2
6/15/2003,26.1
6/16/2003,27.6
6/17/2003,27.8
6/18/2003,28.7
6/19/2003,30.5
6/20/2003,25.1
6/24/2003,30.4
6/25/2003,32.2
6/26/2003,31.9
6/30/2003,29.1
7/1/2003,29.1
7/2/2003,31.5
8/15/2003,30.9
8/16/2003,30.7
8/17/2003,31.2
8/18/2003,28.1
8/19/2003,27.1
8/20/2003,29.2
8/21/2003,31.1
8/22/2003,32.9
8/23/2003,29.8
8/24/2003,28
8/25/2003,29
8/26/2003,32.4
8/27/2003,33.3
8/28/2003,33.7
8/29/2003,32.6
8/30/2003,24.9
8/31/2003,25.4
9/1/2003,19.8
9/2/2003,19.3
9/3/2003,18.7
9/4/2003,23.7
9/5/2003,23.4
9/6/2003,23.2
9/7/2003,26.8
9/8/2003,28.9
9/9/2003,28.7
9/10/2003,26.8
9/11/2003,30.7
9/12/2003,28.6
9/13/2003,28.2
9/14/2003,29.6
9/15/2003,25.3
9/16/2003,23.6
9/17/2003,27.4
9/18/2003,27.6
9/19/2003,28.5
9/20/2003,20.4
9/21/2003,24.3
9/22/2003,26
9/23/2003,22.6
9/24/2003,21
9/25/2003,27.8
9/26/2003,18.8
9/27/2003,19.6
9/28/2003,20.1
9/29/2003,13.1
9/30/2003,15.2
10/1/2003,13.4
10/2/2003,14.9
10/3/2003,13.7
10/4/2003,12.8
10/5/2003,16.4
10/6/2003,19.9
10/7/2003,21.2
10/8/2003,26
10/9/2003,27.3
10/10/2003,22.4
10/11/2003,25.9
10/12/2003,26.3
10/13/2003,21.5
10/14/2003,23.1
10/15/2003,14.4
10/16/2003,17.7
10/17/2003,15.1
10/18/2003,14.6
10/19/2003,19.6
10/20/2003,22.7
10/21/2003,27.5
10/22/2003,19.1
10/23/2003,14.6
10/24/2003,14.7
10/27/2003,8.9
10/28/2003,8.1
10/29/2003,11.6
10/30/2003,10.3
10/31/2003,22.9
11/1/2003,23.4
11/2/2003,13.9
11/3/2003,21.4
11/4/2003,24.8
11/5/2003,25.5
11/6/2003,18.6
11/7/2003,7
11/8/2003,6.5
11/9/2003,4.2
11/10/2003,6.8
11/11/2003,14.4
11/12/2003,16.4
11/13/2003,18.9
11/14/2003,5.6
11/15/2003,7.1
11/16/2003,6.2
11/17/2003,9.9
11/18/2003,13.8
11/19/2003,16.8
11/20/2003,14
11/21/2003,17.9
11/22/2003,17.4
11/23/2003,19.4
11/24/2003,18.3
11/25/2003,3.3
11/26/2003,4
11/27/2003,9.5
11/28/2003,9.8
11/29/2003,5
11/30/2003,3.3
12/1/2003,11.7
12/2/2003,6.8
12/3/2003,2.8
12/4/2003,3.8
12/5/2003,2
12/6/2003,2.1
12/7/2003,2.2
12/8/2003,5.5
12/9/2003,7.4
12/10/2003,10.6
12/11/2003,11.3
12/12/2003,0.5
12/13/2003,-1.9
12/14/2003,-0.8
12/15/2003,-1.3
12/16/2003,3
12/17/2003,7.3
12/18/2003,-3.1
12/19/2003,-1.1
12/20/2003,-0.7
12/21/2003,-0.9
12/22/2003,8.8
12/23/2003,10.3
12/24/2003,3.4
12/25/2003,-0.8
12/26/2003,2.1
12/27/2003,5.4
12/28/2003,10.1
12/29/2003,12.2
12/30/2003,8.7
12/31/2003,6.5
1/1/2004,8.2
1/2/2004,11.5
1/3/2004,17
1/4/2004,16.8
1/5/2004,2.2
1/6/2004,-0.8
1/7/2004,-8.2
1/8/2004,-1.6
1/9/2004,-0.1
1/10/2004,-1.9
1/11/2004,-3.2
1/12/2004,7.3
1/13/2004,4.8
1/14/2004,1.4
1/15/2004,5
1/16/2004,-0.5
1/17/2004,1.4
1/18/2004,1.5
1/19/2004,0.5
1/20/2004,-5.9
1/21/2004,-1.7
1/22/2004,2.8
1/23/2004,2.3
1/24/2004,-0.2
1/25/2004,-0.6
1/26/2004,-6.6
1/27/2004,-4.2
1/28/2004,-4.6
1/29/2004,-7.4
1/30/2004,-11.1
1/31/2004,-16.2
2/1/2004,-11.5
2/2/2004,0.3
2/3/2004,1.7
2/4/2004,1.8
2/5/2004,-2.5
2/6/2004,0.5
2/7/2004,0.9
2/8/2004,-2.6
2/9/2004,-2.9
2/10/2004,0.6
2/11/2004,-1
2/12/2004,4.5
2/13/2004,0.7
2/14/2004,-1.2
2/15/2004,2
2/16/2004,-3.1
2/17/2004,-1.7
2/18/2004,3.6
2/19/2004,7.1
2/20/2004,10.6
2/21/2004,10.3
2/22/2004,3.1
2/23/2004,8.9
2/24/2004,6.6
2/25/2004,3.2
2/26/2004,6
2/27/2004,6.3
2/28/2004,9.3
2/29/2004,13.6
3/1/2004,15.6
3/2/2004,16.8
3/3/2004,11.5
3/4/2004,10.3
3/5/2004,14.8
3/6/2004,18.2
3/7/2004,8.4
3/8/2004,7.9
3/9/2004,6.1
3/10/2004,5
3/11/2004,9.5
3/12/2004,8.3
3/13/2004,1.7
3/14/2004,9.1
3/15/2004,10.8
3/16/2004,7.2
3/17/2004,2.3
3/18/2004,4.6
3/19/2004,8.5
3/20/2004,12.5
3/21/2004,18.1
3/22/2004,2.5
3/23/2004,4.5
3/24/2004,14.6
3/25/2004,18.5
3/26/2004,16.5
3/27/2004,16.8
3/28/2004,21.4
3/29/2004,24.7
3/30/2004,17.3
3/31/2004,12.6
4/1/2004,11.1
4/2/2004,10.3
4/3/2004,13.7
4/4/2004,17.5
4/5/2004,9.5
4/6/2004,12.9
4/7/2004,20.6
4/8/2004,22
4/9/2004,15.8
4/10/2004,16
4/11/2004,15.8
4/12/2004,13.1
4/13/2004,9.8
4/14/2004,9.2
4/15/2004,19.5
4/16/2004,23
4/17/2004,26.6
4/18/2004,29
4/19/2004,29.6
4/20/2004,27.2
4/21/2004,19.1
4/22/2004,21.3
4/23/2004,11.8
4/24/2004,19.5
4/25/2004,17.9
4/26/2004,20.1
4/27/2004,18.4
4/28/2004,12.2
4/29/2004,24.4
4/30/2004,25.1
5/1/2004,24.9
5/2/2004,10.2
5/3/2004,13
5/4/2004,13
5/5/2004,16.9
5/6/2004,23.8
5/7/2004,30.1
5/8/2004,21.8
5/9/2004,29.8
5/10/2004,29.6
5/11/2004,29
5/12/2004,27.5
5/13/2004,29
5/14/2004,24.4
5/15/2004,23.2
5/16/2004,15.7
5/17/2004,21.9
5/18/2004,27.2
5/19/2004,26.9
5/20/2004,26.6
5/21/2004,26.3
5/22/2004,30.6
5/23/2004,29.4
5/24/2004,24.4
5/25/2004,25.1
5/26/2004,23.3
5/27/2004,23.3
5/28/2004,27.8
5/29/2004,20.7
5/30/2004,26.8
5/31/2004,27.1
6/1/2004,22
6/2/2004,25.6
6/3/2004,21.5
6/4/2004,22.8
6/5/2004,26.2
6/6/2004,26.8
6/7/2004,27.3
6/8/2004,29.9
6/9/2004,31.8
6/10/2004,29.6
6/11/2004,25.8
6/12/2004,28.7
6/13/2004,28
6/14/2004,28.1
6/15/2004,29.4
6/16/2004,28.3
6/17/2004,27.7
6/18/2004,29.4
6/19/2004,28.3
6/20/2004,19.6
6/21/2004,22.9
6/22/2004,24.6
6/23/2004,22.4
6/24/2004,25.8
6/25/2004,25.1
6/26/2004,21.5
6/27/2004,24.4
6/28/2004,25.4
6/29/2004,24.5
6/30/2004,26.4
7/1/2004,28.6
7/2/2004,29.1
7/3/2004,30.1
7/4/2004,30.3
7/5/2004,28.2
7/6/2004,29.1
7/7/2004,29.4
7/8/2004,22.8
7/9/2004,23.2
7/10/2004,31.2
7/11/2004,29.7
7/12/2004,29.2
7/13/2004,29.9
7/14/2004,31.3
7/15/2004,26.7
7/16/2004,27.5
7/17/2004,27.8
7/18/2004,26.7
7/19/2004,26.6
7/20/2004,27.1
7/21/2004,29.3
7/22/2004,31.4
7/23/2004,31.8
7/24/2004,24.9
7/25/2004,22.5
7/26/2004,20.8
7/27/2004,21.5
7/28/2004,25.8
7/29/2004,29.2
7/30/2004,26.6
7/31/2004,24.3
8/1/2004,27.1
8/2/2004,29.6
8/3/2004,29.7
8/4/2004,31.9
8/5/2004,25.9
8/6/2004,23.4
8/7/2004,23.7
8/8/2004,25.3
8/9/2004,26.5
8/10/2004,27.9
8/11/2004,21.8
8/12/2004,20.4
8/13/2004,17.9
8/14/2004,20.2
8/15/2004,23.5
8/16/2004,25.4
8/17/2004,25.9
8/18/2004,27.5
8/19/2004,26.6
8/20/2004,22
8/21/2004,17.9
8/22/2004,24.7
8/23/2004,27
8/24/2004,29.6
8/25/2004,29.8
8/26/2004,26.3
8/27/2004,28.6
8/28/2004,30.9
8/29/2004,30.9
8/30/2004,20.2
8/31/2004,24.6
9/1/2004,28.4
9/2/2004,29.4
9/3/2004,28.4
9/4/2004,29.2
9/5/2004,30.7
9/6/2004,30.9
9/7/2004,29.9
9/8/2004,25.5
9/9/2004,24.2
9/10/2004,24.7
9/11/2004,28.6
9/12/2004,28.6
9/13/2004,30.1
9/14/2004,31
9/15/2004,28.8
9/16/2004,29.5
9/17/2004,27.1
9/18/2004,23.4
9/19/2004,26.1
9/20/2004,26.2
9/21/2004,28.2
9/22/2004,30.3
9/23/2004,29.4
9/24/2004,30
9/25/2004,29.1
9/26/2004,25.6
9/27/2004,21.7
9/28/2004,24.6
9/29/2004,17.3
9/30/2004,20.7
10/1/2004,24.6
10/2/2004,23.4
10/3/2004,18.7
10/4/2004,21.2
10/5/2004,16.8
10/6/2004,18.5
10/7/2004,25.1
10/8/2004,27.5
10/9/2004,21.5
10/10/2004,22.9
10/11/2004,20.6
10/12/2004,17.2
10/13/2004,19
10/14/2004,12.6
10/15/2004,15.5
10/16/2004,11.1
10/17/2004,8.5
10/18/2004,14.4
10/19/2004,7.5
10/20/2004,10.7
10/21/2004,13.2
10/22/2004,15.1
10/23/2004,20.8
10/24/2004,20.2
10/25/2004,19.5
10/26/2004,26.2
10/27/2004,21.8
10/28/2004,17.5
10/29/2004,17.2
10/30/2004,25.2
10/31/2004,21.2
11/1/2004,18
11/2/2004,17.7
11/3/2004,16.3
11/4/2004,9.6
11/5/2004,10.1
11/6/2004,12.3
11/7/2004,18.2
11/8/2004,17.2
11/9/2004,9.5
11/10/2004,12.3
11/11/2004,17.9
11/12/2004,11.9
11/13/2004,9
11/14/2004,8.7
11/15/2004,11.5
11/16/2004,13.3
11/17/2004,14.1
11/18/2004,17
11/19/2004,18.9
11/20/2004,13.8
11/21/2004,13.4
11/22/2004,9.7
11/23/2004,12.4
11/24/2004,11.4
11/25/2004,7.9
11/26/2004,1.9
11/27/2004,9.7
11/28/2004,8.7
11/29/2004,4.2
11/30/2004,3.4
12/1/2004,4.3
12/2/2004,4.6
12/3/2004,5.5
12/4/2004,4.8
12/5/2004,10.9
12/6/2004,11.1
12/7/2004,12.2
12/8/2004,15.4
12/9/2004,8.9
12/10/2004,11.4
12/11/2004,8.6
12/12/2004,4.5
12/13/2004,6.4
12/14/2004,1.8
12/15/2004,-1.8
12/16/2004,2.2
12/17/2004,5.9
12/18/2004,4.3
12/19/2004,6.8
12/20/2004,-1
12/21/2004,-3.2
12/22/2004,5.1
12/23/2004,-5.3
12/24/2004,-7.2
12/25/2004,-12.7
12/26/2004,-6.4
12/27/2004,-5
12/28/2004,-3.4
12/29/2004,4
12/30/2004,6
12/31/2004,13.8
1/1/2005,17.3
1/4/2005,5.3
1/5/2005,4.7
1/6/2005,3.2
1/7/2005,-0.8
1/8/2005,-1.2
1/9/2005,0.3
1/10/2005,3.3
1/11/2005,2.9
1/12/2005,2.4
1/13/2005,18
1/14/2005,16.6
1/15/2005,-2.7
1/16/2005,-6.2
1/17/2005,-8.4
1/18/2005,-10.1
1/19/2005,-5.3
1/20/2005,2
1/21/2005,-1.6
1/22/2005,-6
1/23/2005,-4.4
1/24/2005,-3.9
1/25/2005,1.7
1/26/2005,7.8
1/27/2005,5.6
1/28/2005,-5.8
1/29/2005,0
1/30/2005,0.9
1/31/2005,-1.5
2/1/2005,-3.6
2/2/2005,-2.6
2/3/2005,-0.3
2/4/2005,3.7
2/5/2005,8.7
2/6/2005,12.7
2/7/2005,9.8
2/8/2005,8.5
2/9/2005,6
2/10/2005,-0.7
2/11/2005,-0.9
2/12/2005,4.6
2/13/2005,10.8
2/14/2005,10.2
2/15/2005,11.8
2/16/2005,16.1
2/17/2005,2.3
2/18/2005,-1.4
2/19/2005,-0.7
2/20/2005,3.3
2/21/2005,10.3
2/22/2005,4
2/23/2005,2.4
2/24/2005,2.7
2/25/2005,3.5
2/26/2005,7.8
2/27/2005,5.4
2/28/2005,6.9
3/1/2005,2.8
3/2/2005,-2.9
3/3/2005,-1.6
3/4/2005,3.2
3/5/2005,10.6
3/6/2005,5.4
3/7/2005,18.5
3/8/2005,13.1
3/9/2005,0.6
3/10/2005,1.8
3/11/2005,2.6
3/12/2005,2.5
3/13/2005,2
3/14/2005,3.6
3/15/2005,6.1
3/16/2005,5.6
3/17/2005,10.5
3/18/2005,14.1
3/19/2005,15.8
3/20/2005,9.5
3/21/2005,6.2
3/22/2005,9.3
3/23/2005,7.1
3/24/2005,3.2
3/25/2005,12.3
3/26/2005,5.8
3/27/2005,5
3/28/2005,8
3/29/2005,16.3
3/30/2005,21
3/31/2005,24.1
4/1/2005,16.7
4/2/2005,13.4
4/3/2005,13.5
4/4/2005,18.4
4/5/2005,24.7
4/6/2005,24.2
4/7/2005,25.7
4/8/2005,13.2
4/9/2005,19.6
4/10/2005,24
4/11/2005,27.4
4/12/2005,26.9
4/13/2005,12.8
4/14/2005,19
4/15/2005,20.5
4/16/2005,21.4
4/17/2005,24.5
4/18/2005,26.7
4/19/2005,28.4
4/20/2005,26.7
4/21/2005,27.8
4/22/2005,12.8
4/23/2005,14.8
4/24/2005,5.1
4/25/2005,10.4
4/26/2005,18.4
4/27/2005,13.4
4/28/2005,13.8
4/29/2005,16.1
4/30/2005,13.2
5/1/2005,13.6
5/2/2005,13.4
5/3/2005,9.3
5/4/2005,13.2
5/5/2005,18
5/6/2005,20.9
5/7/2005,23.8
5/8/2005,27.9
5/9/2005,28.6
5/10/2005,27
5/11/2005,30.3
5/12/2005,29
5/13/2005,16.5
5/14/2005,30.5
5/15/2005,21.5
5/16/2005,13.7
5/17/2005,18
5/18/2005,21.8
5/19/2005,25.6
5/20/2005,25.5
5/21/2005,21.9
5/22/2005,22.2
5/23/2005,27.3
5/24/2005,25.1
5/25/2005,22.2
5/26/2005,21.3
5/27/2005,24.8
5/28/2005,24.1
5/29/2005,22.7
5/30/2005,25.1
5/31/2005,25.4
6/1/2005,27
6/2/2005,28.4
6/3/2005,18.5
6/4/2005,24.7
6/5/2005,30.3
6/6/2005,32.6
6/7/2005,31.9
6/8/2005,32.8
6/9/2005,32.1
6/10/2005,33.7
6/11/2005,32.2
6/12/2005,27.2
6/13/2005,24
6/14/2005,31
6/15/2005,27.4
6/16/2005,24.9
6/17/2005,24.4
6/18/2005,21.2
6/19/2005,22
6/20/2005,25
6/21/2005,27.9
6/22/2005,31.1
6/23/2005,30.5
6/24/2005,31.9
6/25/2005,34.1
6/26/2005,34.5
6/27/2005,34.7
6/28/2005,34.6
6/29/2005,31.5
6/30/2005,32.4
7/1/2005,33.4
7/2/2005,27.1
7/3/2005,24.4
7/4/2005,29.3
7/5/2005,32.6
7/6/2005,28.5
7/7/2005,28
7/8/2005,28.2
7/9/2005,29.9
7/10/2005,30.8
7/11/2005,31.4
7/12/2005,29.4
7/13/2005,26.8
7/14/2005,27.5
7/15/2005,28
7/16/2005,29.8
7/17/2005,29.8
7/18/2005,30.9
7/19/2005,30.5
7/20/2005,29.3
7/21/2005,32.6
7/22/2005,33.3
7/23/2005,29
7/24/2005,30.1
7/25/2005,33.6
7/26/2005,33.7
7/27/2005,32.2
7/28/2005,23.8
7/29/2005,25
7/30/2005,28.5
7/31/2005,28.8
8/1/2005,30.5
8/2/2005,32.1
8/3/2005,33.4
8/4/2005,32.3
8/5/2005,28.9
8/6/2005,27.5
8/7/2005,29.7
8/8/2005,31.3
8/9/2005,32
8/10/2005,33.2
8/11/2005,31.5
8/12/2005,29.3
8/13/2005,32.7
8/14/2005,30.5
8/15/2005,23
8/16/2005,23.3
8/17/2005,27.4
8/18/2005,29.5
8/19/2005,29.9
8/20/2005,31
8/21/2005,30
8/22/2005,29
8/23/2005,26
8/24/2005,24.3
8/25/2005,26.5
8/26/2005,30
8/27/2005,29.6
8/28/2005,28.7
8/29/2005,31.6
8/30/2005,31.6
8/31/2005,23.4
9/1/2005,27.7
9/2/2005,30.6
9/3/2005,29.8
9/4/2005,29.4
9/5/2005,30.1
9/6/2005,29.9
9/7/2005,30.8
9/8/2005,32.2
9/9/2005,31.7
9/10/2005,32.8
9/11/2005,32.7
9/12/2005,33.1
9/13/2005,32.1
9/14/2005,33.3
9/15/2005,26.6
9/16/2005,20.7
9/17/2005,18.6
9/18/2005,26.9
9/19/2005,27.1
9/20/2005,31.4
9/21/2005,29.4
9/22/2005,29.9
9/23/2005,33.1
9/24/2005,20.5
9/25/2005,30.3
9/26/2005,23.2
9/27/2005,25
9/28/2005,26.2
9/29/2005,25.2
9/30/2005,17.6
10/1/2005,21.9
10/2/2005,27.1
10/3/2005,28.1
10/4/2005,30.1
10/5/2005,30.7
10/6/2005,29.4
10/7/2005,20.9
10/8/2005,15.7
10/9/2005,14.3
10/10/2005,18.9
10/11/2005,17.4
10/12/2005,15.7
10/13/2005,20.4
10/14/2005,25.1
10/15/2005,24.3
10/16/2005,20.3
10/17/2005,19.2
10/18/2005,22.8
10/19/2005,23.2
10/20/2005,19.6
10/21/2005,10.2
10/22/2005,10.4
10/23/2005,13.9
10/24/2005,9.6
10/25/2005,11.1
10/26/2005,11.6
10/27/2005,12.8
10/28/2005,11.9
10/29/2005,14.4
10/30/2005,15
10/31/2005,17.3
11/1/2005,16.7
11/2/2005,12.8
11/3/2005,18.6
11/4/2005,22
11/5/2005,20.4
11/6/2005,20.5
11/7/2005,20.8
11/8/2005,17.6
11/9/2005,19.4
11/10/2005,19.5
11/11/2005,9.2
11/12/2005,15.5
11/13/2005,20.3
11/14/2005,16.7
11/15/2005,10.4
11/16/2005,17.6
11/17/2005,4.7
11/18/2005,-1.9
11/19/2005,5.9
11/20/2005,12.2
11/21/2005,11.8
11/22/2005,9
11/23/2005,4.1
11/24/2005,10.6
11/25/2005,5.8
11/26/2005,-1.4
11/27/2005,10.9
11/28/2005,13.1
11/29/2005,16.5
11/30/2005,6.9
12/1/2005,0.3
12/2/2005,1.4
12/3/2005,-6.1
12/4/2005,-1.5
12/5/2005,-3.2
12/6/2005,-9
12/7/2005,-3.2
12/8/2005,-9.2
12/9/2005,-3.7
12/10/2005,-6.9
12/11/2005,-0.1
12/12/2005,1.5
12/13/2005,0.4
12/14/2005,-0.5
12/15/2005,2.4
12/16/2005,3.8
12/17/2005,-1.2
12/18/2005,-0.4
12/19/2005,-7.8
12/20/2005,-10.9
12/21/2005,-2.6
12/22/2005,-3.7
12/23/2005,4
12/24/2005,6.9
12/25/2005,5.2
12/26/2005,2.3
12/27/2005,2.2
12/28/2005,10.8
12/29/2005,10.6
12/30/2005,3.2
12/31/2005,5
1/1/2006,2.9
1/2/2006,10.9
1/3/2006,17.2
1/4/2006,8.4
1/5/2006,7.2
1/6/2006,3.7
1/7/2006,0.4
1/8/2006,6.2
1/9/2006,12.8
1/10/2006,6.7
1/11/2006,6.8
1/12/2006,8.2
1/13/2006,13.5
1/14/2006,12.5
1/15/2006,2.5
1/16/2006,5.8
1/17/2006,12.4
1/18/2006,9.6
1/19/2006,1.6
1/20/2006,13.6
1/21/2006,13.4
1/22/2006,4.9
1/23/2006,3.4
1/24/2006,0
1/25/2006,5.7
1/26/2006,2.5
1/27/2006,6.6
1/28/2006,10.1
1/29/2006,13.2
1/30/2006,11.1
1/31/2006,4.5
2/1/2006,3
2/2/2006,11.7
2/3/2006,7.7
2/4/2006,10.8
2/5/2006,0.6
2/6/2006,-0.9
2/7/2006,2.4
2/8/2006,2.1
2/9/2006,1.9
2/10/2006,1.2
2/11/2006,5.2
2/12/2006,4
2/13/2006,-0.5
2/14/2006,0.9
2/15/2006,11.7
2/16/2006,11.6
2/17/2006,15.2
2/18/2006,0.2
2/19/2006,-8.3
2/20/2006,-6.2
2/21/2006,0.7
2/22/2006,6.6
2/23/2006,10.2
2/24/2006,10.6
2/25/2006,8.4
2/26/2006,7.8
2/27/2006,2.8
2/28/2006,11.3
3/1/2006,8.8
3/2/2006,11.8
3/3/2006,8.6
3/4/2006,5.7
3/5/2006,6.1
3/6/2006,0.9
3/7/2006,1.8
3/8/2006,8.6
3/9/2006,13.1
3/10/2006,14.4
3/11/2006,11.3
3/12/2006,18.1
3/13/2006,21.1
3/30/2006,11.1
3/31/2006,21.8
4/1/2006,22.6
4/2/2006,10.6
4/3/2006,16.6
4/4/2006,12.2
4/5/2006,13.2
4/6/2006,16.1
4/7/2006,12
4/8/2006,23.6
4/9/2006,9.8
4/10/2006,14.4
4/11/2006,19.9
4/12/2006,23.1
4/13/2006,25.9
4/14/2006,28
4/15/2006,26.5
5/20/2006,21.2
5/21/2006,20.7
5/22/2006,17.3
5/23/2006,19.2
5/24/2006,23.9
5/25/2006,27
5/26/2006,27.6
5/27/2006,25.3
5/28/2006,30.8
5/29/2006,32.5
5/30/2006,32.1
5/31/2006,32.3
6/1/2006,28.9
6/2/2006,22.3
6/3/2006,27.2
6/4/2006,26.5
6/5/2006,24.8
6/6/2006,28.7
6/7/2006,27.3
6/8/2006,29.4
6/9/2006,29
6/10/2006,25.2
6/11/2006,15.9
6/12/2006,18.5
6/13/2006,23
6/14/2006,24.6
6/15/2006,27.2
6/16/2006,30.4
6/17/2006,31.5
6/18/2006,32.3
6/19/2006,25.9
6/20/2006,29.9
6/21/2006,29.3
6/22/2006,32
6/23/2006,30
6/24/2006,28.3
6/25/2006,29.4
6/26/2006,28
6/27/2006,28.7
6/28/2006,25.9
6/29/2006,26.8
6/30/2006,26.5
7/1/2006,27.1
7/2/2006,32
7/3/2006,32.7
7/4/2006,32.5
7/5/2006,27.9
7/6/2006,23.6
7/7/2006,26.8
7/8/2006,26.7
7/9/2006,27.5
7/10/2006,28
7/11/2006,29.3
7/12/2006,25.6
7/13/2006,27.3
7/14/2006,30.8
7/15/2006,29.5
7/16/2006,32.4
7/17/2006,32.3
7/18/2006,31.7
7/19/2006,32.4
7/20/2006,32.9
7/21/2006,27.9
7/22/2006,27.1
7/23/2006,25.2
7/24/2006,28.3
7/25/2006,28.8
7/26/2006,30.1
7/27/2006,27.7
7/28/2006,29.8
7/29/2006,31
7/30/2006,32.6
7/31/2006,32.3
8/1/2006,33.4
8/2/2006,33
8/3/2006,32.9
8/4/2006,28.8
8/5/2006,29.7
8/6/2006,30.8
8/7/2006,30.8
8/8/2006,27.3
8/9/2006,25.3
8/10/2006,27.3
8/11/2006,24.9
8/12/2006,26.2
8/13/2006,26
8/14/2006,28.2
8/15/2006,26.3
8/16/2006,27.5
8/17/2006,26.9
8/18/2006,29.8
8/19/2006,27.8
8/20/2006,28.5
8/21/2006,25
8/22/2006,26.7
8/23/2006,27.9
8/24/2006,30.5
8/25/2006,28.7
8/26/2006,29
8/27/2006,26
8/28/2006,28.5
8/29/2006,28
8/30/2006,19.1
8/31/2006,22.5
9/1/2006,21.5
9/2/2006,21.8
9/3/2006,24.5
9/4/2006,24.9
9/5/2006,23.4
9/6/2006,22.9
9/7/2006,27.4
9/8/2006,28.2
9/9/2006,27.8
9/10/2006,29.1
9/11/2006,24.8
9/12/2006,26
9/13/2006,23.9
9/14/2006,21.4
9/15/2006,22.9
9/16/2006,26.6
9/17/2006,27.6
9/18/2006,29.9
9/19/2006,20.8
9/20/2006,14.6
9/21/2006,17.9
9/22/2006,20.9
9/23/2006,21.3
9/24/2006,21.7
9/25/2006,17.7
9/26/2006,22.2
9/27/2006,25.1
9/28/2006,23.9
9/29/2006,16.6
9/30/2006,18.5
10/1/2006,21.3
10/2/2006,26.8
10/3/2006,29.3
10/4/2006,29.5
10/5/2006,27.8
10/6/2006,17.6
10/7/2006,17.2
10/8/2006,21.6
10/9/2006,25.3
10/10/2006,26.7
10/11/2006,20.2
10/12/2006,16.3
10/13/2006,6.7
10/14/2006,10.8
10/15/2006,11.9
10/16/2006,11.4
10/17/2006,12.8
10/18/2006,14
10/19/2006,20.9
10/20/2006,10
10/21/2006,12.2
10/22/2006,17.5
10/23/2006,9.4
10/24/2006,5.2
10/25/2006,9.3
10/26/2006,12.4
10/27/2006,7.6
10/28/2006,7.5
10/29/2006,10.7
10/30/2006,14.3
10/31/2006,22.1
11/1/2006,17
11/2/2006,5.9
11/3/2006,3.2
11/4/2006,6.1
11/5/2006,9.3
11/6/2006,12.7
11/7/2006,14.8
11/8/2006,12.8
11/9/2006,16.3
11/10/2006,22.8
11/11/2006,21.5
11/12/2006,7
11/13/2006,7.4
11/14/2006,5.5
11/15/2006,8.1
11/16/2006,6.7
11/17/2006,5.1
11/18/2006,3.4
11/19/2006,5.3
11/20/2006,5.6
11/21/2006,6.9
11/22/2006,9.2
11/23/2006,11.9
11/24/2006,16.6
11/25/2006,17
11/26/2006,17.2
11/27/2006,17.2
11/28/2006,17
11/29/2006,18.5
11/30/2006,17.8
12/1/2006,17.3
12/2/2006,5.8
12/3/2006,2.2
12/4/2006,-4.7
12/5/2006,-1
12/6/2006,1
12/7/2006,5.6
12/8/2006,-0.6
12/9/2006,-3.1
12/10/2006,4.8
12/11/2006,9.6
12/12/2006,10.2
12/13/2006,11.2
12/14/2006,11.8
12/15/2006,13.8
12/16/2006,9.5
12/17/2006,14.6
12/18/2006,14.5
12/19/2006,7.1
12/20/2006,5.2
12/21/2006,5.1
12/22/2006,11.6
12/23/2006,12.9
12/24/2006,5.6
12/25/2006,8.5
12/26/2006,4.4
12/27/2006,3.1
12/28/2006,4.6
12/29/2006,10.9
12/30/2006,14.5
12/31/2006,13
1/2/2007,6.5
1/3/2007,6.7
1/4/2007,8
1/5/2007,10.3
1/6/2007,10.4
1/7/2007,8.9
1/8/2007,3.9
1/9/2007,4.1
1/10/2007,1.1
1/11/2007,0.7
1/12/2007,7.8
1/13/2007,12.2
1/14/2007,4.3
1/15/2007,3.1
1/16/2007,1.8
1/17/2007,-3.7
1/18/2007,-2.1
1/19/2007,0.8
1/20/2007,0.8
1/21/2007,1.1
1/22/2007,0.4
1/23/2007,0.3
1/24/2007,1.2
1/25/2007,-2.6
1/26/2007,-3.4
1/27/2007,7.5
1/28/2007,5.4
1/29/2007,-5.9
1/30/2007,-0.8
1/31/2007,-2.5
2/1/2007,-5.5
2/2/2007,-3.4
2/3/2007,-4.2
2/4/2007,-9.9
2/5/2007,-11.3
2/6/2007,-11.9
2/7/2007,-11.7
2/8/2007,-12.7
2/9/2007,-13
2/10/2007,-10
2/11/2007,-11.5
2/12/2007,-2
2/13/2007,1.3
2/14/2007,-0.5
2/15/2007,-7.1
2/16/2007,-11.7
2/17/2007,-6.6
2/18/2007,-2.6
2/19/2007,-6.8
2/20/2007,6.8
2/21/2007,6
2/22/2007,6.6
2/23/2007,5.4
2/24/2007,-0.1
2/25/2007,2.9
2/26/2007,6.5
2/27/2007,0
2/28/2007,0.2
3/1/2007,2.8
3/2/2007,11.1
3/3/2007,2.7
3/4/2007,-1
3/5/2007,0
3/6/2007,4.2
3/7/2007,-0.9
3/8/2007,1.7
3/9/2007,8
3/10/2007,16.6
3/11/2007,13.1
3/12/2007,14.2
3/13/2007,18.2
3/14/2007,24.7
3/15/2007,24.2
3/16/2007,8.1
3/17/2007,5.7
3/18/2007,4.7
3/19/2007,8.5
3/20/2007,14
3/21/2007,11.3
3/22/2007,23.8
3/23/2007,19.5
3/24/2007,16.3
3/25/2007,20.5
3/26/2007,26.2
3/27/2007,24.7
3/28/2007,26.4
3/29/2007,17.6
3/30/2007,17.4
3/31/2007,22.8
4/1/2007,23.2
4/2/2007,20.5
4/3/2007,25
4/4/2007,21.8
4/5/2007,4.2
4/6/2007,5.2
4/7/2007,2.1
4/8/2007,-0.1
4/9/2007,3.3
4/10/2007,6.8
4/11/2007,12.2
4/12/2007,12.6
4/13/2007,5.3
4/14/2007,11.5
4/15/2007,5.8
4/16/2007,13.4
4/17/2007,16.1
4/18/2007,23.9
4/19/2007,14.6
4/20/2007,15.5
4/21/2007,20.7
4/22/2007,24.7
4/23/2007,26.7
4/24/2007,25.6
4/25/2007,23.2
4/26/2007,17.3
4/27/2007,20.5
4/28/2007,13.9
4/29/2007,22.1
4/30/2007,27
5/1/2007,30.7
5/2/2007,30.2
5/3/2007,22
5/4/2007,23.5
5/5/2007,22.2
5/6/2007,23.4
5/7/2007,22
5/8/2007,27.9
5/9/2007,30.7
5/10/2007,27.9
5/11/2007,30.3
5/12/2007,30
5/13/2007,26.3
5/14/2007,23.8
5/15/2007,29.7
5/16/2007,31.1
5/17/2007,18.6
5/18/2007,14.3
5/19/2007,21.8
5/20/2007,25.9
5/21/2007,28
5/22/2007,29.3
5/23/2007,30.6
5/24/2007,31.3
5/25/2007,31.2
5/26/2007,22.1
5/27/2007,24.2
5/28/2007,23
5/29/2007,25.3
5/30/2007,31.4
5/31/2007,30.5
6/1/2007,28.7
6/2/2007,29.9
6/3/2007,30.7
6/4/2007,26.1
6/5/2007,22.3
6/6/2007,20.9
6/7/2007,25.3
6/8/2007,31.6
6/9/2007,27.6
6/10/2007,26
6/11/2007,26.8
6/12/2007,29.9
6/13/2007,29.6
6/14/2007,31.6
6/15/2007,32.4
6/16/2007,30.6
6/17/2007,33.4
6/18/2007,32.9
6/19/2007,30
6/20/2007,27
6/21/2007,28.2
6/22/2007,30.5
6/23/2007,25.3
6/24/2007,18.9
6/25/2007,26.5
6/26/2007,28.9
6/27/2007,29.7
6/28/2007,30
6/29/2007,24.9
6/30/2007,26.5
7/1/2007,24.3
7/2/2007,26.2
7/3/2007,24.2
7/4/2007,27.6
7/5/2007,28.9
7/6/2007,29.9
7/7/2007,29.3
7/8/2007,30.2
7/9/2007,32.4
7/10/2007,32.7
7/11/2007,29.7
7/12/2007,24.9
7/13/2007,27.3
7/14/2007,26.5
7/15/2007,28.9
7/16/2007,26.6
7/17/2007,30.4
7/18/2007,25.8
7/19/2007,28.5
7/20/2007,26.4
7/21/2007,24.2
7/22/2007,25.5
7/23/2007,25.8
7/24/2007,27.7
7/25/2007,27.4
7/26/2007,29.3
7/27/2007,28.1
7/28/2007,24.5
7/29/2007,28.4
7/30/2007,27.8
7/31/2007,29.5
8/1/2007,30.6
8/2/2007,31.9
8/3/2007,32
8/4/2007,31.3
8/5/2007,27
8/6/2007,31.7
8/7/2007,33.4
8/8/2007,34.5
8/9/2007,33.8
8/10/2007,31.8
8/11/2007,32
8/12/2007,32.8
8/13/2007,34.8
8/14/2007,30.2
8/15/2007,28.3
8/16/2007,30.8
8/17/2007,26.3
8/18/2007,28.8
8/19/2007,25.6
8/20/2007,27.5
8/21/2007,25.8
8/22/2007,29.8
8/23/2007,32.6
8/24/2007,33.3
8/25/2007,31.8
8/26/2007,26.3
8/27/2007,26.5
8/28/2007,29.8
8/29/2007,33.5
8/30/2007,34.4
8/31/2007,26.1
9/1/2007,24.9
9/2/2007,27
9/3/2007,30.8
9/4/2007,32.2
9/5/2007,33.1
9/6/2007,34.1
9/7/2007,27.5
9/8/2007,29.5
9/9/2007,26
9/10/2007,28.5
9/11/2007,28.9
9/12/2007,23.7
9/13/2007,22.6
9/14/2007,26.2
9/15/2007,21.8
9/16/2007,19.2
9/17/2007,22.9
9/18/2007,26.5
9/19/2007,30.9
9/20/2007,31.1
9/21/2007,32.4
9/22/2007,32.1
9/23/2007,27.9
9/24/2007,32.4
9/25/2007,32.8
9/26/2007,28.8
9/27/2007,20.7
9/28/2007,25.4
9/29/2007,26.4
9/30/2007,27.6
10/1/2007,28.2
10/2/2007,21.7
10/3/2007,28.3
10/4/2007,27.4
10/5/2007,30.6
10/6/2007,31.1
10/7/2007,31.4
10/8/2007,33.1
10/9/2007,31.5
10/10/2007,25.3
10/11/2007,13
10/12/2007,15.7
10/13/2007,16
10/14/2007,17.1
10/15/2007,23.7
10/16/2007,25.8
10/17/2007,21.4
10/18/2007,24.6
10/19/2007,27.3
10/20/2007,17.5
10/21/2007,23.3
10/22/2007,25.1
10/23/2007,19.6
10/24/2007,13.5
10/25/2007,13.8
10/26/2007,13.9
10/27/2007,19.6
10/28/2007,14.5
10/29/2007,15.5
10/30/2007,15
10/31/2007,18.1
11/1/2007,18.8
11/2/2007,14.7
11/3/2007,18.1
11/4/2007,13.7
11/5/2007,13
11/6/2007,14.6
11/7/2007,6.6
11/8/2007,7
11/9/2007,11.6
11/10/2007,10
11/11/2007,12.3
11/12/2007,12
11/13/2007,18.6
11/14/2007,18
11/15/2007,15.6
11/16/2007,5.4
11/17/2007,6.2
11/18/2007,12.6
11/19/2007,6
11/20/2007,16.8
11/21/2007,17.3
11/22/2007,16.4
11/23/2007,4.1
11/24/2007,1.2
11/25/2007,2.3
11/26/2007,2.8
11/27/2007,3.4
11/28/2007,5.2
11/29/2007,11.9
11/30/2007,2
12/1/2007,4.4
12/2/2007,3.8
12/3/2007,14.2
12/4/2007,0.5
12/5/2007,2
12/6/2007,-0.8
12/7/2007,-0.6
12/8/2007,0.4
12/9/2007,0
12/10/2007,0.4
12/11/2007,1
12/12/2007,4.3
12/13/2007,5.3
12/14/2007,2.6
12/15/2007,0.7
12/16/2007,-1
12/17/2007,-1.7
12/18/2007,-4.1
12/19/2007,4.1
12/20/2007,2.7
12/21/2007,6.4
12/22/2007,5.6
12/23/2007,11
12/24/2007,11.9
12/25/2007,-1.7
12/26/2007,6.9
12/27/2007,9.5
12/28/2007,1.9
12/29/2007,4.5
12/30/2007,0.6
12/31/2007,2.9
1/1/2008,5
1/2/2008,-2
1/3/2008,-11.3
1/4/2008,-5
1/5/2008,2.2
1/6/2008,6.5
1/7/2008,16.3
1/8/2008,19.1
1/9/2008,16.2
1/10/2008,6.2
1/11/2008,8.1
1/12/2008,5.5
1/13/2008,7.2
1/14/2008,5
1/15/2008,-2.5
1/16/2008,-2.9
1/17/2008,2.9
1/18/2008,1.9
1/19/2008,0
1/20/2008,-9.1
1/21/2008,-8.6
1/22/2008,0.4
1/23/2008,1.1
1/24/2008,-2.3
1/25/2008,-8
1/26/2008,-5.1
1/27/2008,0.1
1/28/2008,7.6
1/29/2008,9
1/30/2008,12
1/31/2008,-7.7
2/1/2008,-3.8
2/2/2008,-1.3
2/3/2008,3.9
2/4/2008,0.5
2/5/2008,14.3
2/6/2008,15
2/7/2008,3.8
2/8/2008,-0.9
2/9/2008,6
2/10/2008,6.4
2/11/2008,-3.3
2/12/2008,-9.6
2/13/2008,-7
2/14/2008,-3.6
2/15/2008,2.8
2/16/2008,1.9
2/17/2008,5.3
2/18/2008,13.6
2/19/2008,0.5
2/20/2008,-6.1
2/21/2008,-5.9
2/22/2008,-5.9
2/23/2008,-3.3
2/24/2008,0.3
2/25/2008,2.7
2/26/2008,2
2/27/2008,0.2
2/28/2008,-4.8
2/29/2008,-1.5
3/1/2008,4.4
3/2/2008,3.6
3/3/2008,17.5
3/4/2008,14.7
3/5/2008,-0.6
3/6/2008,3.3
3/7/2008,0.6
3/8/2008,-2.3
3/9/2008,-3.4
3/10/2008,4.8
3/11/2008,2.8
3/12/2008,5.3
3/13/2008,12.5
3/14/2008,14.8
3/15/2008,14.6
3/16/2008,5.4
3/17/2008,7
3/18/2008,5.5
3/19/2008,13.2
3/20/2008,4.9
3/21/2008,11.2
3/22/2008,15.2
3/23/2008,3.5
3/24/2008,5.4
3/25/2008,6.8
3/26/2008,13
3/27/2008,12.7
3/28/2008,7.4
3/29/2008,6.2
3/30/2008,9
3/31/2008,13
4/1/2008,16.3
4/2/2008,14.8
4/3/2008,10.2
4/4/2008,11.8
4/5/2008,8.2
4/6/2008,16.6
4/7/2008,19.5
4/8/2008,18.7
4/9/2008,20.7
4/10/2008,14.3
4/11/2008,17
4/12/2008,20.3
4/13/2008,6.9
4/14/2008,5.5
4/15/2008,11.2
4/16/2008,14.9
4/17/2008,20.5
4/18/2008,23.5
4/19/2008,23.9
4/20/2008,14.4
4/21/2008,21
4/22/2008,23.3
4/23/2008,26.6
4/24/2008,27.2
4/25/2008,26.2
4/26/2008,27
4/27/2008,15.7
4/28/2008,14.8
4/29/2008,12
4/30/2008,10.9
5/1/2008,19.2
5/2/2008,22
5/3/2008,22.7
5/4/2008,15.9
5/5/2008,19.1
5/6/2008,23.6
5/7/2008,27.3
5/15/2008,16.4
5/16/2008,14.5
5/17/2008,19.6
5/18/2008,23.5
5/19/2008,16.3
5/20/2008,16
5/21/2008,16.8
5/22/2008,18.5
5/23/2008,20.3
5/24/2008,13.6
5/25/2008,20.9
5/26/2008,25
5/27/2008,24.7
5/28/2008,19.8
5/29/2008,20.7
5/30/2008,24.5
5/31/2008,30
6/1/2008,25.8
6/2/2008,27.4
6/3/2008,29.3
6/4/2008,24.7
6/5/2008,28.6
6/6/2008,30.4
6/7/2008,30.3
6/8/2008,27.5
6/9/2008,31.9
6/10/2008,29
6/11/2008,27.2
6/12/2008,29.1
6/13/2008,32
6/14/2008,27.5
6/15/2008,28
6/16/2008,29.5
6/17/2008,25.8
6/18/2008,23.8
6/19/2008,25.8
6/20/2008,28.6
6/21/2008,29.1
6/22/2008,27
6/23/2008,27.9
6/24/2008,25.5
6/25/2008,27.3
6/26/2008,28.9
6/27/2008,27.6
6/28/2008,28.3
6/29/2008,27.1
6/30/2008,25
7/1/2008,26
7/2/2008,27.3
7/3/2008,30
7/4/2008,24.2
7/5/2008,23.9
7/6/2008,26.5
7/7/2008,29.1
7/8/2008,26.8
7/9/2008,29.6
7/10/2008,27.1
7/11/2008,28.8
7/12/2008,30.4
7/13/2008,29.4
7/14/2008,25.8
7/15/2008,28
7/16/2008,30.7
7/17/2008,30.7
7/18/2008,30.7
7/19/2008,30.4
7/20/2008,29
7/21/2008,30.4
7/22/2008,29.9
7/23/2008,27.1
7/24/2008,26.7
7/25/2008,26.9
7/26/2008,27.7
7/27/2008,30.1
7/28/2008,28
7/29/2008,29.2
7/30/2008,30.6
7/31/2008,27.2
8/1/2008,30.2
8/2/2008,29.6
8/3/2008,27.8
8/4/2008,29
8/5/2008,30.1
8/6/2008,27.9
8/7/2008,29.4
8/8/2008,26.9
8/9/2008,24.9
8/10/2008,25.1
8/11/2008,23.7
8/12/2008,25.4
8/13/2008,26.6
8/14/2008,26.5
8/15/2008,25.3
8/16/2008,25.1
8/17/2008,26.7
8/18/2008,26.7
8/19/2008,28.1
8/20/2008,30
8/21/2008,28.2
8/22/2008,28.2
8/23/2008,27.2
8/24/2008,30.8
8/25/2008,27.5
8/26/2008,24.9
8/27/2008,25.6
8/28/2008,28.3
8/29/2008,27.1
8/30/2008,29.5
8/31/2008,29
9/1/2008,31.2
9/2/2008,31.6
9/3/2008,33.1
9/4/2008,31.6
9/5/2008,23.5
9/6/2008,21.9
9/7/2008,24.1
9/8/2008,23
9/9/2008,23.9
9/10/2008,21.1
9/11/2008,23.8
9/12/2008,26.8
9/13/2008,23.1
9/14/2008,30.3
9/15/2008,24.2
9/16/2008,21.6
9/17/2008,22.9
9/18/2008,26.2
9/19/2008,25.8
9/20/2008,27.2
9/21/2008,29.3
9/22/2008,28.5
9/23/2008,29.3
9/24/2008,29.8
9/25/2008,31.3
9/26/2008,28.6
9/27/2008,26.5
9/28/2008,27.3
9/29/2008,27
9/30/2008,24.7
10/1/2008,18.4
10/2/2008,16.6
10/3/2008,18.2
10/4/2008,19.7
10/5/2008,19.6
10/6/2008,24.1
10/7/2008,27.1
10/8/2008,20.9
10/9/2008,19.8
10/10/2008,23
10/11/2008,26
10/12/2008,28.9
10/13/2008,30
10/14/2008,26.3
10/15/2008,23.6
10/16/2008,26.5
10/17/2008,15.8
10/18/2008,15.7
10/19/2008,16.6
10/20/2008,17.1
10/21/2008,19.8
10/22/2008,14
10/23/2008,13.6
10/24/2008,18.8
10/25/2008,14.7
10/26/2008,11.3
10/27/2008,14.9
10/28/2008,7.3
10/29/2008,7.3
10/30/2008,12.2
10/31/2008,17.2
11/1/2008,22.1
11/2/2008,22.7
11/3/2008,22.4
11/4/2008,22.8
11/5/2008,22.4
11/6/2008,22.6
11/7/2008,21.3
11/8/2008,13.1
11/9/2008,6.3
11/10/2008,2.4
11/11/2008,4.7
11/12/2008,4.4
11/13/2008,10.3
11/14/2008,12.4
11/15/2008,12.4
11/20/2008,6.6
11/22/2008,-0.3
11/24/2008,6.6
12/5/2008,4.2
12/6/2008,-6.9
12/7/2008,0
12/8/2008,-4.5
12/9/2008,6.1
12/10/2008,9.4
12/11/2008,1.8
12/12/2008,1.1
12/13/2008,-3.5
1/21/2009,-6.5
1/23/2009,5.8
1/24/2009,3.2
1/25/2009,-3.8
1/29/2009,-7.1
1/30/2009,-2.3
1/31/2009,-5.6
2/1/2009,4
2/2/2009,5.7
2/3/2009,-0.6
2/4/2009,-7.7
2/5/2009,-8.1
2/6/2009,-3.1
2/7/2009,8.5
2/8/2009,13.5
2/9/2009,8.5
2/10/2009,15.4
2/11/2009,16.5
2/12/2009,15.2
2/13/2009,8.2
2/14/2009,7.1
2/15/2009,1.6
2/16/2009,1.4
2/17/2009,3.4
2/18/2009,4.7
2/19/2009,7.6
2/24/2009,1.6
2/25/2009,5.8
2/26/2009,14.3
3/3/2009,-3.5
3/4/2009,-0.4
3/5/2009,8.7
3/6/2009,18.6
3/7/2009,20.8
3/18/2009,22.3
3/19/2009,18
3/20/2009,12.1
3/21/2009,8.1
3/22/2009,17.1
3/23/2009,19
3/24/2009,16.9
3/25/2009,24.1
3/26/2009,16.1
3/27/2009,15.4
3/28/2009,17
3/29/2009,11.8
3/30/2009,7.9
3/31/2009,13.4
4/1/2009,11.8
4/2/2009,13.9
4/3/2009,20.9
4/4/2009,10.4
4/5/2009,12.8
4/9/2009,12.1
4/10/2009,15.2
4/11/2009,9.8
4/12/2009,11.8
4/13/2009,13.9
4/14/2009,7.2
4/15/2009,6.3
4/16/2009,12.6
4/17/2009,17.9
4/18/2009,22.4
4/19/2009,24.1
4/20/2009,16.3
4/21/2009,13.9
5/8/2009,25.2
5/9/2009,19.5
5/10/2009,18.3
5/11/2009,19.2
5/12/2009,18.6
5/13/2009,21.2
5/14/2009,20.7
5/15/2009,20.8
5/16/2009,23
5/17/2009,17.9
5/18/2009,16.3
5/19/2009,19.2
5/20/2009,24.3
5/21/2009,27.9
5/22/2009,28.4
5/23/2009,30.5
5/24/2009,30.2
5/25/2009,29.3
5/26/2009,22.2
5/27/2009,28.4
5/28/2009,28.4
5/29/2009,20.3
5/30/2009,26.5
5/31/2009,25.9
6/1/2009,25.8
6/2/2009,32.6
6/3/2009,22.9
6/4/2009,16.7
6/5/2009,20.9
6/6/2009,25.2
6/7/2009,26.3
6/8/2009,26
6/9/2009,27
6/10/2009,25.9
6/11/2009,27.3
6/12/2009,24.9
6/13/2009,24.6
6/14/2009,26.8
6/15/2009,27
6/16/2009,26.3
6/17/2009,22.3
6/18/2009,27.8
6/19/2009,28
6/20/2009,32.3
6/21/2009,30.6
6/22/2009,28.2
6/23/2009,31.4
6/24/2009,32.4
6/25/2009,34.3
6/26/2009,33.1
6/27/2009,32.4
6/28/2009,32.1
6/29/2009,27.8
6/30/2009,27.2
7/1/2009,23
7/2/2009,19.8
7/3/2009,23.6
7/4/2009,26.3
7/5/2009,20.3
7/6/2009,26.6
7/7/2009,27.9
7/8/2009,29
7/9/2009,23.5
7/10/2009,26.3
7/11/2009,28.8
7/12/2009,27.7
7/13/2009,27.1
7/14/2009,27.1
7/15/2009,27.9
7/16/2009,29
7/17/2009,27.1
7/18/2009,21.7
7/19/2009,22.3
7/20/2009,22.4
7/21/2009,26.4
7/22/2009,27.6
7/23/2009,20.4
7/24/2009,26.3
7/25/2009,27.9
7/26/2009,26
7/27/2009,26
7/28/2009,27.6
7/29/2009,28.7
7/30/2009,25.4
7/31/2009,25.4
8/1/2009,25.9
8/2/2009,24.9
8/3/2009,24
8/4/2009,27.2
8/5/2009,26
8/6/2009,26.5
8/7/2009,26.7
8/8/2009,24.7
8/9/2009,30.8
8/10/2009,31.7
8/11/2009,29.1
8/12/2009,28.7
8/13/2009,27.2
8/14/2009,29.3
8/15/2009,30.2
8/16/2009,30.8
8/17/2009,31.5
8/18/2009,28.9
8/19/2009,28.2
8/20/2009,28.6
8/21/2009,25.4
8/22/2009,24.2
8/23/2009,20.3
8/24/2009,21.3
8/25/2009,26.2
8/26/2009,26.5
8/27/2009,28.1
8/28/2009,26.6
8/29/2009,20.4
8/30/2009,21.1
8/31/2009,19.8
9/1/2009,23.2
9/2/2009,22.2
9/3/2009,24.3
9/4/2009,26.3
9/5/2009,26.3
9/6/2009,27.6
9/7/2009,23.8
9/8/2009,25.4
9/9/2009,25.1
9/10/2009,25.7
9/11/2009,27.2
9/12/2009,27.5
9/13/2009,25.8
9/14/2009,26.2
9/15/2009,28.3
9/16/2009,29.4
9/17/2009,25.1
9/18/2009,24.3
9/19/2009,26.1
9/20/2009,25.2
9/21/2009,23.7
9/22/2009,24.5
9/23/2009,27.9
9/24/2009,26.9
9/25/2009,20.3
9/26/2009,19.2
9/27/2009,22.7
9/28/2009,22.3
9/29/2009,20.6
9/30/2009,15.9
10/1/2009,18.8
10/2/2009,16.7
10/3/2009,14.4
10/4/2009,12.5
10/5/2009,17.7
10/6/2009,20.7
10/7/2009,17.1
10/8/2009,16.5
10/9/2009,11.3
10/10/2009,11.6
10/11/2009,12.9
10/12/2009,9.6
10/13/2009,11.3
10/14/2009,12.1
10/15/2009,7.6
10/16/2009,6
10/17/2009,9.7
10/18/2009,9.9
10/19/2009,11.9
10/20/2009,18.3
10/21/2009,20.9
10/22/2009,21.3
10/23/2009,18.6
10/24/2009,20.1
10/25/2009,11.4
10/26/2009,18.8
10/27/2009,20.1
10/28/2009,11.4
10/29/2009,16.4
10/30/2009,17.3
10/31/2009,19.7
11/1/2009,11.5
11/2/2009,13.9
11/3/2009,17.6
11/4/2009,10.4
11/5/2009,15
11/6/2009,12.3
11/7/2009,16.4
11/8/2009,21.7
11/9/2009,22.5
11/10/2009,19.2
11/11/2009,14.5
11/12/2009,13.5
11/13/2009,14.1
11/14/2009,15.9
11/15/2009,18.7
11/16/2009,14
11/17/2009,6.5
11/18/2009,8.2
11/19/2009,7.8
11/20/2009,7.1
11/21/2009,11.5
11/22/2009,15.3
11/23/2009,15.4
11/24/2009,13.8
11/25/2009,12.8
11/26/2009,9.5
11/27/2009,4.9
11/28/2009,4.2
11/29/2009,13.6
11/30/2009,12.3
12/1/2009,4.5
12/2/2009,12.1
12/3/2009,5.6
12/4/2009,4.9
12/5/2009,-2.7
12/6/2009,0.6
12/7/2009,1.6
12/8/2009,0.8
12/9/2009,2.3
12/10/2009,6.2
12/11/2009,-7.5
12/12/2009,0.7
12/13/2009,5.1
12/14/2009,3.6
12/15/2009,10.9
12/16/2009,0.8
12/17/2009,-1.5
12/18/2009,5.2
12/19/2009,3.6
12/20/2009,0.7
12/21/2009,-0.2
12/22/2009,-0.8
12/23/2009,0.9
12/24/2009,0.8
12/25/2009,3.4
12/26/2009,8
12/27/2009,-1.1
12/28/2009,-2.2
12/29/2009,-2
12/30/2009,-3.9
12/31/2009,0.6
1/1/2010,1.2
1/2/2010,-10
1/3/2010,-11.9
1/4/2010,-9
1/5/2010,-9.6
1/6/2010,-9.3
1/7/2010,-7.1
1/8/2010,-4.5
1/9/2010,-3.7
1/10/2010,-8
1/11/2010,-8.6
1/12/2010,-3.3
1/13/2010,1.8
1/14/2010,2.2
1/15/2010,4.4
1/16/2010,4
1/17/2010,0.9
1/18/2010,0.2
1/19/2010,0.4
1/20/2010,0.3
1/21/2010,0.4
1/22/2010,0.7
1/23/2010,2.1
1/24/2010,8.7
1/25/2010,10.9
1/26/2010,0.8
1/27/2010,-5
1/28/2010,-0.8
1/29/2010,-0.9
1/30/2010,-6.8
1/31/2010,-5.1
2/1/2010,-2
2/2/2010,2.9
2/3/2010,1.7
2/4/2010,-1.6
2/5/2010,2.1
2/6/2010,0.7
2/7/2010,-1.1
2/8/2010,-1.4
2/9/2010,-2.9
2/10/2010,-1.2
2/11/2010,-3.7
2/12/2010,-4.1
2/13/2010,-2
2/14/2010,-2.7
2/15/2010,-1.3
2/16/2010,-3.1
2/17/2010,-1.3
2/18/2010,0.2
2/19/2010,1.1
2/20/2010,4.1
2/21/2010,5.4
2/22/2010,3.1
2/23/2010,1.4
2/24/2010,0.2
2/25/2010,-3.2
2/26/2010,-0.2
2/27/2010,0.8
2/28/2010,1.2
3/1/2010,3.6
3/2/2010,2.9
3/3/2010,4.1
3/4/2010,5.1
3/5/2010,6.7
3/6/2010,7.8
3/7/2010,10.7
3/8/2010,10.5
3/9/2010,15.4
3/10/2010,16.1
3/11/2010,20.5
3/12/2010,16.1
3/13/2010,12
3/14/2010,10
3/15/2010,7.3
3/16/2010,7.7
3/17/2010,16
3/18/2010,17.5
3/19/2010,17.7
3/20/2010,18.4
3/21/2010,14.3
3/22/2010,9.2
3/23/2010,10.6
3/24/2010,16.4
3/25/2010,16.2
3/26/2010,8.8
3/27/2010,7.2
3/28/2010,14.3
3/29/2010,8.8
3/30/2010,10.9
3/31/2010,16.8
4/1/2010,24.7
4/2/2010,27
4/3/2010,26.1
4/4/2010,16.2
4/5/2010,23.1
4/6/2010,24.3
4/7/2010,27.6
4/8/2010,22.2
4/9/2010,12
4/10/2010,14
4/11/2010,22.5
4/12/2010,24.5
4/13/2010,24.2
4/14/2010,25.2
4/15/2010,29.6
4/16/2010,28.5
4/17/2010,20.6
4/18/2010,15.6
4/19/2010,14.7
4/20/2010,17.5
4/21/2010,19.9
4/22/2010,23
4/23/2010,22.7
4/24/2010,18.1
4/25/2010,21
4/26/2010,16.2
4/27/2010,18
4/28/2010,14.7
4/29/2010,17.8
4/30/2010,24.2
5/1/2010,24.9
5/2/2010,23.1
5/3/2010,21.9
5/4/2010,23.7
5/5/2010,24.4
5/6/2010,26.6
5/7/2010,21.9
5/8/2010,26.6
5/9/2010,11.6
5/10/2010,15.8
5/11/2010,16.6
5/12/2010,21.8
5/13/2010,17.7
5/14/2010,27.2
5/15/2010,20.8
5/16/2010,20.1
5/17/2010,18.3
5/18/2010,13.9
5/19/2010,13.7
5/20/2010,20
5/21/2010,21.6
5/22/2010,20.5
5/23/2010,25.5
5/24/2010,31.1
5/25/2010,32.1
5/26/2010,31.1
5/27/2010,33
5/28/2010,30
5/29/2010,30.1
5/30/2010,31.6
5/31/2010,32.4
6/1/2010,29.4
6/11/2010,29.3
6/12/2010,31.7
6/13/2010,31.4
6/14/2010,28.9
6/15/2010,27.5
6/16/2010,28.8
6/17/2010,26.7
6/18/2010,29.2
6/19/2010,32.2
6/20/2010,29.9
6/21/2010,31.4
6/22/2010,30.2
6/23/2010,30.1
6/24/2010,30.9
6/25/2010,27
6/26/2010,30.4
6/27/2010,31.5
6/28/2010,30.3
6/29/2010,28.2
6/30/2010,24.5
7/1/2010,24.3
7/2/2010,25.4
7/3/2010,27.7
7/4/2010,29.8
7/5/2010,31.9
7/6/2010,30.8
7/7/2010,31.7
7/8/2010,33.1
7/9/2010,30.3
7/10/2010,28.9
7/11/2010,30.8
7/12/2010,30.3
7/13/2010,30
7/14/2010,30
7/15/2010,31.9
7/16/2010,30.6
7/17/2010,31.7
7/18/2010,31.6
7/19/2010,29.9
7/20/2010,29.1
7/21/2010,27.9
7/22/2010,32
7/23/2010,30.6
7/24/2010,32.3
7/25/2010,32.3
7/26/2010,27.9
7/27/2010,29.1
7/28/2010,31.7
7/29/2010,32.1
7/30/2010,29
7/31/2010,26.7
8/1/2010,22.8
8/2/2010,28.6
8/3/2010,30.5
8/4/2010,33.4
8/5/2010,33.8
8/6/2010,29.8
8/7/2010,27
8/8/2010,28.6
8/9/2010,29.8
8/10/2010,33.9
8/11/2010,33
8/12/2010,32.2
8/13/2010,32.5
8/14/2010,34.1
8/15/2010,31.7
8/16/2010,31.3
8/17/2010,27.8
8/18/2010,27.4
8/19/2010,29.8
8/20/2010,31.9
8/21/2010,33.1
8/22/2010,29.3
8/23/2010,29.8
8/24/2010,28.3
8/25/2010,26.7
8/26/2010,27.2
8/27/2010,25.6
8/28/2010,29.3
8/29/2010,32
8/30/2010,33.9
8/31/2010,30.4
9/1/2010,31.7
9/2/2010,28.2
9/3/2010,28
9/4/2010,23.5
9/5/2010,21.1
9/6/2010,25.1
9/7/2010,30
9/8/2010,27.7
9/9/2010,24.6
9/10/2010,24.5
9/11/2010,28.2
9/12/2010,23.9
9/13/2010,28.6
9/14/2010,31
9/15/2010,28.4
9/16/2010,29.7
9/17/2010,24.4
9/18/2010,24.9
9/19/2010,26.1
9/20/2010,28.3
9/21/2010,31.4
9/22/2010,33.9
9/23/2010,27.5
9/24/2010,33
9/25/2010,25.7
9/26/2010,20.6
9/27/2010,16.6
9/28/2010,20.5
9/29/2010,23.7
9/30/2010,25.7
10/1/2010,25.1
10/2/2010,23.2
10/3/2010,15.7
10/4/2010,15.5
10/5/2010,16.8
10/6/2010,20.2
10/7/2010,24.7
10/8/2010,25.5
10/9/2010,27.4
10/10/2010,30.4
10/11/2010,30.4
10/12/2010,29.1
10/13/2010,29.5
10/14/2010,21.3
10/15/2010,19.1
10/16/2010,18
10/17/2010,21.3
10/18/2010,22
10/19/2010,14
10/20/2010,17.3
10/21/2010,21.4
10/22/2010,15.4
10/23/2010,19.6
10/24/2010,24.6
10/25/2010,24.9
10/26/2010,23.1
10/27/2010,23
10/28/2010,20.2
10/29/2010,8.6
10/30/2010,12.6
10/31/2010,17.8
11/1/2010,12.8
11/2/2010,12.7
11/3/2010,10.1
11/4/2010,10.5
11/5/2010,12
11/6/2010,5.9
11/7/2010,8.3
11/8/2010,15.7
11/9/2010,20.5
11/10/2010,22.9
11/11/2010,23.2
11/12/2010,24.6
11/13/2010,23.6
11/14/2010,16.4
11/15/2010,10.3
11/16/2010,13.5
11/17/2010,7
11/18/2010,11.1
11/19/2010,8.2
11/20/2010,7.9
11/21/2010,7.1
11/22/2010,16.9
11/23/2010,19.9
11/24/2010,9.8
11/25/2010,3.5
11/26/2010,8.6
11/27/2010,1.6
11/28/2010,1.9
11/29/2010,7.9
11/30/2010,12.3
12/1/2010,12.5
12/2/2010,-2.8
12/3/2010,0.4
12/4/2010,1.8
12/5/2010,-0.6
12/6/2010,-1.3
12/7/2010,-9.2
12/8/2010,-7.9
12/9/2010,-8
12/10/2010,-1.1
12/11/2010,4.6
12/12/2010,4.3
12/13/2010,-1.8
12/14/2010,-7.7
12/15/2010,-7.2
12/16/2010,-2.9
12/17/2010,-3.7
12/18/2010,-5.6
12/19/2010,-4.7
12/20/2010,-2.8
12/21/2010,-1.3
12/22/2010,1.4
12/23/2010,0.5
12/24/2010,-1.6
12/25/2010,1.3
12/26/2010,-2.5
12/27/2010,-1.5
12/28/2010,-5
12/29/2010,-2.3
12/30/2010,2.9
12/31/2010,10
1/1/2011,14.7
1/2/2011,13
1/3/2011,-2
1/4/2011,3.6
1/5/2011,0.3
1/6/2011,1.6
1/7/2011,-0.4
1/8/2011,-2.9
1/9/2011,-5.9
1/10/2011,-1.6
1/11/2011,-0.4
1/12/2011,-3.8
1/13/2011,-4
1/14/2011,-6.9
1/15/2011,-1.1
1/16/2011,0.6
1/17/2011,-0.9
1/18/2011,2.3
1/19/2011,3
1/20/2011,-1.2
1/21/2011,-6
1/22/2011,-12.9
1/23/2011,-999
1/24/2011,-6.2
1/25/2011,1.2
1/26/2011,-0.6
1/27/2011,-1.4
1/28/2011,-0.7
1/29/2011,-0.9
1/30/2011,1.3
1/31/2011,1.1
2/1/2011,-4.5
2/2/2011,-5.7
2/3/2011,-3.6
2/4/2011,-6.9
2/5/2011,-2.1
2/6/2011,-1.4
2/7/2011,1.1
2/8/2011,0.1
3/9/2011,11.5
3/10/2011,10.7
3/11/2011,3
3/12/2011,8.3
3/13/2011,9
3/14/2011,5.7
3/15/2011,6.7
3/16/2011,6
3/17/2011,16
3/18/2011,21.8
3/19/2011,18.1
3/20/2011,12.9
3/21/2011,19.5
3/22/2011,19.6
3/23/2011,18
3/24/2011,21
3/25/2011,6
3/26/2011,5.1
3/27/2011,2.9
3/28/2011,5.1
3/29/2011,7.2
3/30/2011,9.1
3/31/2011,10.1
4/1/2011,10.9
4/2/2011,9.9
4/3/2011,13.7
4/4/2011,26.1
4/5/2011,22.2
4/6/2011,10.7
4/7/2011,21.2
4/8/2011,11.8
4/9/2011,13.6
4/10/2011,23.6
4/11/2011,28
4/12/2011,24.1
4/13/2011,15.6
4/14/2011,19.8
4/15/2011,21.5
4/16/2011,15.7
4/17/2011,11.1
4/18/2011,14.7
4/19/2011,14.1
4/20/2011,18.7
4/21/2011,15.6
4/22/2011,13.5
4/23/2011,18.1
4/24/2011,20.7
4/25/2011,18.9
4/26/2011,17.5
4/27/2011,21.9
4/28/2011,13.7
4/29/2011,11.8
4/30/2011,17.2
5/1/2011,23.3
5/2/2011,19.7
5/3/2011,12.7
5/4/2011,15
5/5/2011,15.2
5/6/2011,17.9
5/7/2011,20.8
5/8/2011,21.2
5/9/2011,22.5
5/10/2011,25.8
5/11/2011,31.4
5/12/2011,31.7
5/13/2011,30.3
5/14/2011,27.3
5/15/2011,20
5/16/2011,12.3
5/17/2011,13.9
5/18/2011,15.1
5/19/2011,16.6
5/20/2011,22.7
5/21/2011,27.6
5/22/2011,24.2
5/23/2011,29.3
5/24/2011,29
5/25/2011,29.1
5/26/2011,23.6
5/27/2011,16.2
5/28/2011,14.9
5/29/2011,20
5/30/2011,28.1
5/31/2011,31.7
6/1/2011,31.4
6/2/2011,29.1
6/3/2011,26.5
6/4/2011,30.7
6/5/2011,35.6
6/6/2011,29.7
6/7/2011,31.5
6/8/2011,33.7
6/9/2011,34.5
6/10/2011,29.6
6/11/2011,31.4
6/12/2011,25.2
6/13/2011,20.7
6/14/2011,25.4
6/15/2011,26.5
6/16/2011,23.9
6/17/2011,28.2
6/18/2011,29.5
6/19/2011,27.8
6/20/2011,27.3
6/21/2011,25.2
6/22/2011,30.3
6/23/2011,25.4
6/24/2011,20.3
6/25/2011,19
6/26/2011,26.8
6/27/2011,25.7
6/28/2011,27.4
6/29/2011,26.5
6/30/2011,29.2
7/1/2011,29.7
7/2/2011,22.4
7/3/2011,32.3
7/4/2011,30.4
7/5/2011,28.2
7/6/2011,30
7/7/2011,31
7/8/2011,30.1
7/9/2011,29.4
7/10/2011,31.1
7/11/2011,31.6
7/12/2011,33.8
7/13/2011,31.7
7/14/2011,26.6
7/15/2011,27.6
7/16/2011,29.5
7/17/2011,30.6
7/18/2011,32.5
7/19/2011,32.6
7/20/2011,35
7/21/2011,34.8
7/22/2011,36.1
7/23/2011,34.5
7/24/2011,33.7
7/25/2011,28.4
7/26/2011,30.2
7/27/2011,32.6
7/28/2011,32
7/29/2011,33.1
7/30/2011,29.4
7/31/2011,32.3
8/1/2011,32.9
8/2/2011,32.4
8/3/2011,32.9
8/4/2011,29.2
8/5/2011,28.8
8/6/2011,31.6
8/7/2011,30.2
8/8/2011,31.7
8/9/2011,30.7
8/10/2011,29.4
8/11/2011,24.6
8/12/2011,26.9
8/13/2011,27.6
8/14/2011,30
8/15/2011,23.7
8/16/2011,26.6
8/17/2011,27.8
8/18/2011,30.3
8/19/2011,31.2
8/20/2011,32.1
8/21/2011,28.2
8/22/2011,27.2
8/23/2011,28.3
8/24/2011,26.4
8/25/2011,32.2
8/26/2011,27.2
8/27/2011,28.8
8/28/2011,29.1
8/29/2011,25.2
8/30/2011,27.8
8/31/2011,27.3
9/1/2011,32
9/2/2011,35.5
9/3/2011,36.1
9/4/2011,34.9
9/5/2011,23.7
9/6/2011,19.6
9/7/2011,19.3
9/8/2011,22.9
9/9/2011,17.1
9/10/2011,22.2
9/11/2011,25.3
9/12/2011,27.5
9/13/2011,30.3
9/14/2011,29.6
9/15/2011,20.8
9/16/2011,17
9/17/2011,16.4
9/18/2011,21.8
9/19/2011,20.5
9/20/2011,20.5
9/21/2011,25.8
9/22/2011,25.5
9/23/2011,20.5
9/24/2011,20.1
9/25/2011,18.2
9/26/2011,16.9
9/27/2011,17.4
9/28/2011,13.1
9/29/2011,18
9/30/2011,24.4
10/1/2011,15.7
10/2/2011,14.6
10/3/2011,19.3
10/4/2011,23.6
10/5/2011,26.1
10/6/2011,30.3
10/7/2011,28.5
10/8/2011,30.2
10/9/2011,28.7
10/10/2011,28.2
10/11/2011,26.9
10/12/2011,28
10/13/2011,24.5
10/14/2011,17.7
10/15/2011,16.7
10/16/2011,17.1
10/17/2011,19.3
10/18/2011,15.6
10/19/2011,8.4
10/20/2011,7.9
10/21/2011,7.4
10/22/2011,13
10/23/2011,18.4
10/24/2011,20.8
10/25/2011,17.6
10/26/2011,23.3
10/27/2011,21.1
10/28/2011,9.2
10/29/2011,13.7
10/30/2011,14
10/31/2011,15.5
11/1/2011,14.8
11/2/2011,20.1
11/3/2011,20.1
11/4/2011,12.5
11/5/2011,12.4
11/6/2011,16
11/7/2011,16.9
11/8/2011,14.1
11/9/2011,19.9
11/10/2011,17
11/11/2011,4
11/12/2011,8.1
11/13/2011,16.7
11/14/2011,20
11/15/2011,21.2
11/16/2011,15.8
11/17/2011,11.5
11/18/2011,3.5
11/19/2011,10
11/20/2011,15.7
11/21/2011,15.9
11/22/2011,9.1
11/23/2011,6.4
11/24/2011,9.8
11/25/2011,8
11/26/2011,15.8
11/27/2011,17.3
11/28/2011,13.4
11/29/2011,3.3
11/30/2011,3
12/1/2011,4.1
12/2/2011,6.5
12/3/2011,8.1
12/4/2011,13.1
12/5/2011,10.9
12/6/2011,4.6
12/7/2011,1.8
12/8/2011,2.2
12/9/2011,1.9
12/10/2011,0.6
12/11/2011,-2.4
12/12/2011,4.2
12/13/2011,8.7
12/14/2011,6.1
12/15/2011,12.6
12/16/2011,14.4
12/17/2011,2.1
12/18/2011,1.1
12/19/2011,7.2
12/20/2011,10.8
12/21/2011,7.4
12/22/2011,8.4
12/23/2011,5.4
12/24/2011,3.3
12/25/2011,4.2
12/26/2011,6.4
12/27/2011,7.8
12/28/2011,2.1
12/29/2011,0.4
12/30/2011,10.5
12/31/2011,8.5
1/1/2012,5.1
1/2/2012,9.3
1/3/2012,-1.2
1/4/2012,-2.8
1/5/2012,6.7
1/6/2012,9.8
1/7/2012,13.2
1/8/2012,7.5
1/9/2012,6.6
1/10/2012,8.7
1/11/2012,11.5
1/12/2012,7.1
1/13/2012,3.1
1/14/2012,-7
1/15/2012,-4.2
1/16/2012,0
1/17/2012,13.3
1/18/2012,14
1/19/2012,-2
1/20/2012,-1.3
1/21/2012,-8.3
1/22/2012,-5
1/23/2012,8.7
1/24/2012,9.8
1/25/2012,2.2
1/26/2012,0.4
1/27/2012,1.2
1/28/2012,5.3
1/29/2012,1.7
1/30/2012,1.9
1/31/2012,12.3
2/1/2012,14.8
2/2/2012,12.8
2/3/2012,11.3
2/4/2012,12.4
2/5/2012,4.8
2/6/2012,7.8
2/7/2012,1
2/8/2012,1.6
2/9/2012,1.1
2/10/2012,1.3
2/11/2012,0.7
2/12/2012,-6.1
2/13/2012,1.4
2/14/2012,1.2
2/15/2012,1.2
2/16/2012,4.4
2/17/2012,8.2
2/18/2012,9.7
2/19/2012,5
2/20/2012,3.1
2/21/2012,6.5
2/22/2012,6.5
2/23/2012,11.9
2/24/2012,6.1
2/25/2012,5
2/26/2012,-1.2
2/27/2012,10.9
2/28/2012,6.5
2/29/2012,11
3/1/2012,18.8
3/2/2012,9.3
3/3/2012,14.7
3/4/2012,1.3
3/5/2012,3.9
3/6/2012,3.9
3/7/2012,19
3/8/2012,20.1
3/9/2012,17.7
3/10/2012,6.4
3/11/2012,13.4
3/12/2012,20.5
3/13/2012,23
3/14/2012,24.5
3/15/2012,27.1
3/16/2012,27.1
3/17/2012,26.6
3/18/2012,26.3
3/19/2012,27.2
3/20/2012,28.4
3/21/2012,28.9
3/22/2012,29.9
3/23/2012,27.7
3/24/2012,21.5
3/25/2012,19.7
3/26/2012,21.4
3/27/2012,12.8
3/28/2012,20.7
3/29/2012,22.7
3/30/2012,17.6
3/31/2012,22.7
4/1/2012,13.7
4/2/2012,25.6
4/3/2012,21.2
4/4/2012,28.7
4/5/2012,20.8
4/6/2012,14.6
4/7/2012,16.6
4/8/2012,20.1
4/9/2012,19
4/10/2012,18.7
4/11/2012,10.6
4/12/2012,12.8
4/13/2012,17
4/14/2012,18.6
4/15/2012,16.4
4/16/2012,24.6
4/17/2012,22.1
4/18/2012,17.4
4/19/2012,21.4
4/20/2012,25.4
4/21/2012,19.6
4/22/2012,13.8
4/23/2012,12.9
4/24/2012,15.9
4/25/2012,16.8
4/26/2012,23.1
4/27/2012,16.9
4/28/2012,15
4/29/2012,10.6
4/30/2012,15.2
5/1/2012,23.8
5/2/2012,20.7
5/3/2012,27.6
5/5/2012,28
5/6/2012,26.3
5/7/2012,30.3
5/8/2012,23.1
5/9/2012,21.3
5/10/2012,17.8
5/11/2012,20
5/12/2012,24.3
5/13/2012,26.1
5/14/2012,25.7
5/15/2012,27.1
5/16/2012,28.1
5/17/2012,22.8
5/18/2012,23.9
5/19/2012,28.8
5/20/2012,31.8
5/21/2012,32.3
5/22/2012,18.9
5/23/2012,23.1
5/24/2012,28
5/25/2012,30.3
5/26/2012,32.7
5/27/2012,33.8
5/28/2012,33.8
5/29/2012,33.2
5/30/2012,27.8
5/31/2012,23.8
6/1/2012,18.6
6/2/2012,17
6/3/2012,21.6
6/4/2012,26.8
6/5/2012,27.2
6/6/2012,23.1
6/7/2012,25
6/8/2012,28
6/9/2012,30
6/10/2012,30.3
6/11/2012,32
6/12/2012,29.3
6/13/2012,26.6
6/14/2012,25.9
6/15/2012,30.7
6/16/2012,32.5
6/17/2012,32.6
6/18/2012,29
6/19/2012,32.2
6/20/2012,32.6
6/21/2012,32.2
6/22/2012,31.2
6/23/2012,27.9
6/24/2012,30.2
6/25/2012,31.8
6/26/2012,27.9
6/27/2012,27.4
6/28/2012,31
6/29/2012,36.7
6/30/2012,35
7/1/2012,30.9
7/2/2012,31.7
7/3/2012,34.5
7/4/2012,33.1
7/5/2012,36.5
7/6/2012,36.6
7/7/2012,37.5
7/8/2012,38.2
7/9/2012,28.1
7/10/2012,32.4
7/11/2012,31.6
7/12/2012,31.9
7/13/2012,33.3
7/14/2012,32.8
7/15/2012,31.7
7/16/2012,32.8
7/17/2012,34.8
7/18/2012,36.3
7/19/2012,37
7/20/2012,34.4
7/21/2012,28
7/22/2012,31
7/23/2012,34.1
7/24/2012,35.7
7/25/2012,30.7
7/26/2012,36.9
7/27/2012,31.3
7/28/2012,30.9
7/29/2012,28.9
7/30/2012,31.5
7/31/2012,34.4
8/1/2012,33.3
8/2/2012,31.2
8/3/2012,35.3
8/4/2012,34.9
8/5/2012,35.4
8/6/2012,29.5
8/7/2012,29.8
8/8/2012,32.4
8/9/2012,33.5
8/10/2012,28.6
8/11/2012,24
8/12/2012,26.1
8/13/2012,26.1
8/14/2012,26.6
8/15/2012,27.2
8/16/2012,29.7
8/17/2012,23.6
8/18/2012,24.5
8/19/2012,24.9
8/20/2012,25.2
8/21/2012,26.8
8/22/2012,27.9
8/23/2012,29.5
8/24/2012,32
8/25/2012,32.1
8/26/2012,33.5
8/27/2012,29.5
8/28/2012,29.2
8/29/2012,29
8/30/2012,29.5
8/31/2012,31.2
9/1/2012,29.1
9/2/2012,26.5
9/3/2012,24.4
9/4/2012,30
9/5/2012,31.9
9/6/2012,26.3
9/7/2012,30.8
9/8/2012,22.7
9/9/2012,22.4
9/10/2012,22.7
9/11/2012,26.3
9/12/2012,27.2
9/13/2012,28.9
9/14/2012,27.3
9/15/2012,23.4
9/16/2012,24.6
9/17/2012,25.6
9/18/2012,24.5
9/19/2012,18.2
9/20/2012,20.8
9/21/2012,23.6
9/22/2012,19
9/23/2012,14.2
9/24/2012,17.6
9/25/2012,20.1
9/26/2012,22
9/27/2012,20
9/28/2012,24.4
9/29/2012,21.2
9/30/2012,24.3
10/1/2012,21.6
10/2/2012,16.9
10/3/2012,14.8
10/4/2012,20.6
10/5/2012,26.1
10/6/2012,11.3
10/7/2012,10.6
10/8/2012,8.8
10/9/2012,13.5
10/10/2012,17
10/11/2012,11.5
10/12/2012,16.6
10/13/2012,14.4
10/14/2012,19.6
10/15/2012,23.1
10/16/2012,15.1
10/17/2012,20.3
10/18/2012,20.4
10/19/2012,15.1
10/20/2012,10
10/21/2012,13.1
10/22/2012,21.3
10/23/2012,22
10/24/2012,18.8
10/25/2012,25.1
10/26/2012,25.1
10/27/2012,9.3
10/28/2012,11
10/29/2012,9.6
10/30/2012,11.7
10/31/2012,6.7
11/1/2012,7
11/2/2012,13.1
11/3/2012,10.7
11/4/2012,4.9
11/5/2012,9.5
11/6/2012,7.3
11/7/2012,8.5
11/8/2012,10.3
11/9/2012,7.5
11/10/2012,16.7
11/11/2012,21.5
11/12/2012,20.2
11/13/2012,10
11/14/2012,5.7
11/15/2012,7.2
11/16/2012,11.2
11/17/2012,12.2
11/18/2012,14.8
11/19/2012,16.3
11/20/2012,14.3
11/21/2012,14.3
11/22/2012,15.9
11/23/2012,16.1
11/24/2012,12
11/25/2012,1.1
11/26/2012,8.2
11/27/2012,5.7
11/28/2012,3.6
11/29/2012,7.1
11/30/2012,10.2
12/1/2012,13.8
12/2/2012,16.9
12/3/2012,17.8
12/4/2012,21.1
12/5/2012,17.7
12/6/2012,7.7
12/7/2012,8.9
12/8/2012,8.1
12/9/2012,6.7
12/10/2012,9.7
12/11/2012,4.1
12/12/2012,1.7
12/13/2012,6.4
12/14/2012,8.5
12/15/2012,10.3
12/16/2012,12.3
12/17/2012,12.5
12/18/2012,4.4
12/19/2012,6.8
12/20/2012,5.7
12/21/2012,11.9
12/22/2012,-0.5
12/23/2012,0
12/24/2012,3.7
12/25/2012,0.5
12/26/2012,1.5
12/27/2012,-0.8
12/28/2012,1.1
12/29/2012,0.3
1/2/2013,-2.9
1/3/2013,-4.3
1/4/2013,-0.8
1/5/2013,-0.7
1/6/2013,1.4
1/7/2013,2.2
1/8/2013,1.7
1/9/2013,5.2
1/10/2013,8.9
1/11/2013,7
1/12/2013,13.4
1/13/2013,15.2
1/14/2013,3.5
1/15/2013,-5
1/16/2013,-1.6
1/17/2013,2.2
1/18/2013,1.9
1/19/2013,3.9
1/20/2013,9.9
1/21/2013,3.8
1/22/2013,-7
1/23/2013,-9
1/24/2013,-5.2
1/25/2013,-4.4
1/26/2013,-2.4
1/27/2013,1
1/28/2013,3
1/29/2013,10.9
1/30/2013,18
1/31/2013,16.2
2/1/2013,-4.3
2/2/2013,-7.3
2/3/2013,-2.8
2/4/2013,-4.4
2/5/2013,3.6
2/6/2013,1.6
2/7/2013,4.2
2/8/2013,11.8
2/9/2013,1.3
2/10/2013,5
2/11/2013,10.9
2/12/2013,10.6
2/13/2013,0.1
2/14/2013,7.8
2/15/2013,6.4
2/16/2013,1
2/17/2013,-4.5
2/18/2013,0.7
2/19/2013,12
2/20/2013,2.8
2/21/2013,-3.6
2/22/2013,-2.3
2/23/2013,1.9
2/24/2013,-1.4
2/25/2013,3.4
2/26/2013,6
2/27/2013,1.6
2/28/2013,0.7
3/1/2013,2.7
3/2/2013,0.2
3/3/2013,-0.8
3/4/2013,1.7
3/5/2013,2.8
3/6/2013,1.4
3/7/2013,-0.4
3/8/2013,3.3
3/9/2013,5.7
3/10/2013,9
3/11/2013,18.3
3/12/2013,11.4
3/13/2013,3.9
3/14/2013,1.1
3/15/2013,4.7
3/16/2013,10.8
3/17/2013,6.2
3/18/2013,4.1
3/19/2013,3.3
3/20/2013,4
3/21/2013,-2.5
3/22/2013,2
3/23/2013,6
3/24/2013,7.8
3/25/2013,1.8
3/26/2013,1.1
3/27/2013,2.8
3/28/2013,4.6
3/29/2013,9.4
3/30/2013,13.5
3/31/2013,13.3
4/1/2013,15.9
4/2/2013,6.9
4/3/2013,7.8
4/4/2013,9.1
4/5/2013,15.6
4/6/2013,14
4/7/2013,21.2
4/8/2013,21.1
4/9/2013,23.4
4/10/2013,25.8
4/11/2013,22
4/12/2013,17.1
4/13/2013,5.7
4/14/2013,8.9
4/15/2013,22.1
4/16/2013,18.5
4/17/2013,10.3
4/18/2013,19.6
4/19/2013,22.3
4/20/2013,6.4
4/21/2013,7.7
4/22/2013,12.1
4/23/2013,19.4
4/24/2013,18.2
4/25/2013,9.2
4/26/2013,10.9
4/27/2013,18
4/28/2013,18.8
4/29/2013,15.2
4/30/2013,21.5
5/1/2013,27.5
5/2/2013,28.1
5/3/2013,28.3
5/4/2013,23.7
5/5/2013,21.5
5/6/2013,19.1
5/7/2013,22.5
5/8/2013,25
5/9/2013,26.5
5/10/2013,23.9
5/11/2013,19.4
5/12/2013,18.1
5/13/2013,13.9
5/14/2013,18.9
5/15/2013,29.3
5/16/2013,29.2
5/17/2013,27.9
5/18/2013,27
5/19/2013,27.4
5/20/2013,30.2
5/21/2013,29.8
5/22/2013,28.9
5/23/2013,24.9
5/24/2013,17.1
5/25/2013,18.5
5/26/2013,16.6
5/27/2013,19.2
5/28/2013,25
5/29/2013,27.2
5/30/2013,29
5/31/2013,29.3
6/1/2013,24.7
6/2/2013,23.3
6/3/2013,19.3
6/4/2013,19.8
6/5/2013,23.4
6/6/2013,26.1
6/7/2013,25.5
6/8/2013,24
6/9/2013,25.9
6/10/2013,27.8
6/11/2013,25.7
6/12/2013,29.8
6/13/2013,32.1
6/14/2013,24
6/15/2013,27.1
6/16/2013,26.3
6/17/2013,26.5
6/18/2013,30.5
6/19/2013,27.7
6/20/2013,26.7
6/21/2013,30.2
6/22/2013,31.1
6/23/2013,28.6
6/24/2013,28.9
6/25/2013,29.4
6/26/2013,31.3
6/27/2013,27.1
6/28/2013,31.1
6/29/2013,28.8
6/30/2013,23.2
7/1/2013,23.6
7/2/2013,24.1
7/3/2013,20.1
7/4/2013,23.9
7/5/2013,26
7/6/2013,27.8
7/7/2013,22.6
7/8/2013,28.2
7/9/2013,29.4
7/10/2013,31.1
7/11/2013,28.3
7/12/2013,25.3
7/13/2013,27
7/14/2013,28.1
7/15/2013,31.4
7/16/2013,31.8
7/17/2013,32.7
7/18/2013,33
7/19/2013,33.1
7/20/2013,32.5
7/21/2013,30.6
7/22/2013,28.9
7/23/2013,28.9
7/24/2013,27.9
7/25/2013,22.8
7/26/2013,26.6
7/27/2013,24.8
7/28/2013,22.6
7/29/2013,21.5
7/30/2013,24.8
7/31/2013,22.2
8/1/2013,24.8
8/2/2013,26.7
8/3/2013,28.1
8/4/2013,26.9
8/5/2013,26.6
8/6/2013,25.3
8/7/2013,27.3
8/8/2013,28.2
8/9/2013,24.4
8/10/2013,28.1
8/11/2013,28.2
8/12/2013,28.4
8/13/2013,28
8/14/2013,21.9
8/15/2013,21.2
8/16/2013,23.4
8/17/2013,24.2
8/18/2013,25.7
8/19/2013,28.6
8/20/2013,30
8/21/2013,30
8/22/2013,30
8/23/2013,23.9
8/24/2013,28.6
8/25/2013,28.3
8/26/2013,30.2
8/27/2013,31
8/28/2013,32.1
8/29/2013,32.3
8/30/2013,31.6
8/31/2013,33.3
9/1/2013,30.4
9/2/2013,25.4
9/3/2013,28
9/4/2013,24.7
9/5/2013,27.9
9/6/2013,28.2
9/7/2013,30.5
9/8/2013,30.6
9/9/2013,31.4
9/10/2013,33.4
9/11/2013,35.7
9/12/2013,34.8
9/13/2013,28.5
9/14/2013,20.5
9/15/2013,23
9/16/2013,24.1
9/17/2013,19.1
9/18/2013,23
9/19/2013,28.2
9/20/2013,29.6
9/21/2013,24.6
9/22/2013,22
9/23/2013,21.2
9/24/2013,22.7
9/25/2013,24.5
9/26/2013,26.1
9/27/2013,26.1
9/28/2013,27.5
9/29/2013,28
9/30/2013,22.8
10/1/2013,24
10/2/2013,26.1
10/3/2013,25.7
10/4/2013,28
10/5/2013,29
10/6/2013,26
10/7/2013,18
10/8/2013,19.4
10/9/2013,24.6
10/10/2013,23.4
10/11/2013,25.1
10/12/2013,26.1
10/13/2013,25.3
10/14/2013,21.1
10/15/2013,20.6
10/16/2013,18.7
10/17/2013,14.7
10/18/2013,12.6
10/19/2013,15.5
10/20/2013,12.7
10/21/2013,18.6
10/22/2013,12.8
10/23/2013,9.4
10/24/2013,7.7
10/25/2013,6.1
10/26/2013,10.2
10/27/2013,13.8
10/28/2013,13.7
10/29/2013,17.7
10/30/2013,14.8
10/31/2013,18.3
11/1/2013,18.3
11/2/2013,11.6
11/3/2013,10.4
11/4/2013,12.9
11/5/2013,14.8
11/6/2013,14
11/7/2013,15.1
11/8/2013,8.7
11/9/2013,11.2
11/10/2013,16.3
11/11/2013,9.5
11/12/2013,10.5
11/13/2013,0.3
11/14/2013,3.5
11/15/2013,11.7
11/16/2013,12.8
11/17/2013,17
11/18/2013,19.2
11/19/2013,8.4
11/20/2013,6.5
11/21/2013,8.2
11/22/2013,9.2
11/23/2013,8.8
11/24/2013,-1.5
11/26/2013,0.2
11/27/2013,3.3
11/28/2013,-1.8
11/29/2013,2.8
11/30/2013,4.1
12/1/2013,10.8
12/2/2013,9.2
12/3/2013,6
12/4/2013,10.1
12/5/2013,16.2
12/6/2013,11.6
12/7/2013,-3.9
12/8/2013,-3.8
12/9/2013,-2.5
12/10/2013,-2.5
12/11/2013,-3.4
12/12/2013,-4
12/13/2013,-3.4
12/14/2013,3.2
12/15/2013,0.3
12/16/2013,-2.6
12/18/2013,-2.2
12/19/2013,3.9
12/20/2013,6.8
12/21/2013,13.4
12/22/2013,2.5
12/23/2013,1.9
12/24/2013,-1.6
12/25/2013,-6.9
12/26/2013,-1.2
12/27/2013,2.5
12/28/2013,7.2
12/29/2013,11.1
12/30/2013,3.8
12/31/2013,-5
1/2/2014,-1.9
1/3/2014,-8.4
1/4/2014,-7.2
1/5/2014,2.2
1/6/2014,1.7
1/7/2014,-16.5
1/8/2014,-12.5
1/9/2014,-8.1
1/10/2014,-0.4
1/11/2014,5.8
1/12/2014,5.9
1/13/2014,6.9
1/14/2014,10.2
1/15/2014,3.7
1/16/2014,-3.1
1/17/2014,-0.4
1/18/2014,-3.4
1/19/2014,-5.2
1/20/2014,3.6
1/21/2014,4.7
1/22/2014,-3.6
1/23/2014,-8.1
1/24/2014,-14.6
1/25/2014,-5.2
1/26/2014,-0.1
1/27/2014,5.3
1/28/2014,-8
1/29/2014,-12.2
1/30/2014,-3.4
1/31/2014,1.6
2/1/2014,1.4
2/2/2014,3.5
2/3/2014,-1
2/4/2014,-4.3
2/5/2014,-5.4
2/6/2014,-3
2/7/2014,-10.3
2/8/2014,-10.9
2/9/2014,-5.8
2/10/2014,-6.7
2/11/2014,-14.4
2/12/2014,-11.3
2/13/2014,0.5
2/14/2014,1.3
2/15/2014,-1.3
2/16/2014,-5.5
2/17/2014,-4.3
2/18/2014,1.5
2/19/2014,8.7
2/20/2014,6.9
2/21/2014,14.5
2/22/2014,4.6
2/23/2014,5.7
2/24/2014,-1.6
2/25/2014,-2.4
2/27/2014,-8
2/28/2014,-6.6
3/1/2014,3.1
3/2/2014,2.6
3/3/2014,-6.3
3/4/2014,-7.7
3/5/2014,-0.2
3/6/2014,-3.1
3/7/2014,1.7
3/8/2014,11.4
3/9/2014,5.7
3/10/2014,6.6
3/11/2014,14.6
3/12/2014,17.5
3/13/2014,4.1
3/14/2014,2.8
3/15/2014,14.3
3/16/2014,9.9
3/17/2014,-0.5
3/18/2014,4
3/19/2014,11.1
3/20/2014,10.2
3/21/2014,10.9
3/22/2014,19.1
3/23/2014,7.6
3/24/2014,1.4
3/25/2014,2.8
3/26/2014,0.4
3/27/2014,5
3/28/2014,11.2
3/29/2014,11.2
3/30/2014,4.2
3/31/2014,14.3
4/1/2014,21.3
4/2/2014,14.5
4/3/2014,12.7
4/4/2014,8.8
4/5/2014,12.8
4/6/2014,11
4/7/2014,13.5
4/8/2014,11.4
4/9/2014,13.8
4/10/2014,16.4
4/11/2014,22.1
4/12/2014,20.6
4/13/2014,25.3
4/14/2014,22.2
4/15/2014,17.9
4/16/2014,3.6
4/17/2014,11.4
4/18/2014,19.2
4/19/2014,20
4/20/2014,19.8
4/21/2014,25.5
4/22/2014,23.6
4/23/2014,15.5
4/24/2014,15.9
4/25/2014,19
4/26/2014,21.3
4/27/2014,21.2
4/28/2014,22.4
4/29/2014,18.2
4/30/2014,22.8
5/1/2014,14.8
5/2/2014,10.5
5/3/2014,12
5/4/2014,20.6
5/5/2014,17.1
5/6/2014,20.5
5/7/2014,24
5/8/2014,30.5
5/9/2014,31.6
5/10/2014,25.4
5/11/2014,23.5
5/12/2014,28.5
5/13/2014,27.8
5/14/2014,41.2
5/15/2014,11.7
5/16/2014,11.9
5/17/2014,11
5/18/2014,14.2
5/19/2014,19.8
5/20/2014,22.3
5/21/2014,27.8
5/22/2014,30.3
5/23/2014,23.2
5/24/2014,23.6
5/25/2014,26.4
5/26/2014,29.3
5/27/2014,30.1
5/28/2014,30.5
5/29/2014,30.4
5/30/2014,30.4
5/31/2014,29.8
6/1/2014,31.4
6/2/2014,31.9
6/3/2014,26.6
6/4/2014,30.7
6/6/2014,25.7
6/7/2014,30
6/8/2014,28.4
6/9/2014,23.5
6/10/2014,27.4
6/11/2014,22.3
6/12/2014,26.2
6/13/2014,27.3
6/14/2014,23.5
6/15/2014,25.8
6/16/2014,28.9
6/17/2014,30.6
6/18/2014,32.3
6/19/2014,31.4
6/20/2014,31.7
6/21/2014,29.7
6/22/2014,31.8
6/23/2014,30.7
6/24/2014,30.6
6/25/2014,27.8
6/26/2014,29.6
6/27/2014,30.3
6/28/2014,30.9
6/29/2014,29.5
6/30/2014,28.8
7/1/2014,29.2
7/2/2014,28.8
7/3/2014,23.5
7/4/2014,23.7
7/5/2014,27
7/6/2014,26.3
7/7/2014,28.7
7/8/2014,30
7/9/2014,27.1
7/10/2014,26.3
7/11/2014,26.5
7/12/2014,28.4
7/13/2014,25.7
7/14/2014,28.7
7/15/2014,27.6
7/16/2014,21.2
7/17/2014,22.9
7/18/2014,26.8
7/19/2014,25.6
7/20/2014,26.5
7/21/2014,28.9
7/22/2014,29.4
7/23/2014,29.6
7/24/2014,25.1
7/25/2014,25.4
7/26/2014,24.9
7/27/2014,27.9
7/28/2014,29.5
7/29/2014,21.2
7/30/2014,25.2
7/31/2014,26.2
8/1/2014,27.6
8/2/2014,30.2
8/3/2014,27.9
8/4/2014,31
8/5/2014,30.3
8/6/2014,27.8
8/7/2014,27.7
8/8/2014,25.8
8/9/2014,27.5
8/10/2014,27.3
8/11/2014,28
8/12/2014,26.4
8/13/2014,19.5
8/14/2014,26.7
8/15/2014,24.7
8/16/2014,26
8/17/2014,24.9
8/18/2014,26.2
8/19/2014,29.6
8/20/2014,28.1
8/21/2014,27.8
8/22/2014,30.6
8/23/2014,32
8/24/2014,32.5
8/25/2014,33.6
8/26/2014,33.6
8/27/2014,33.1
8/28/2014,29.9
8/29/2014,28.2
8/30/2014,30.9
8/31/2014,28.7
9/1/2014,29.5
9/2/2014,28.5
9/3/2014,26.8
9/4/2014,29.6
9/5/2014,31.2
9/6/2014,33
9/7/2014,23.6
9/8/2014,27
9/9/2014,28.4
9/10/2014,26.6
9/11/2014,25.1
9/12/2014,17.1
9/13/2014,15.4
9/14/2014,20
9/15/2014,21.2
9/16/2014,15.9
9/17/2014,22
9/18/2014,21.7
9/19/2014,23.7
9/20/2014,24.6
9/21/2014,28
9/22/2014,20.5
9/23/2014,21
9/24/2014,24.4
9/25/2014,26.4
9/26/2014,28.6
9/27/2014,30.3
9/28/2014,28.3
9/29/2014,29.9
9/30/2014,29.2
10/1/2014,21
10/2/2014,25.6
10/3/2014,26.2
10/4/2014,18.5
10/5/2014,8.3
10/6/2014,14.6
10/7/2014,18.9
10/8/2014,21.3
10/9/2014,19.9
10/10/2014,16.4
10/11/2014,13.6
10/12/2014,15.7
10/13/2014,18.1
10/14/2014,23.4
10/15/2014,19.1
10/16/2014,16.6
10/17/2014,15.7
10/18/2014,18.3
10/19/2014,11.7
10/20/2014,15.3
10/21/2014,20.4
10/22/2014,13.4
10/23/2014,17.5
10/24/2014,16.9
10/25/2014,20
10/26/2014,24
10/27/2014,22.8
10/28/2014,26.4
10/29/2014,20.3
10/30/2014,9.6
10/31/2014,13.9
11/1/2014,6.8
11/2/2014,7.4
11/3/2014,10.6
11/4/2014,19.4
11/5/2014,13.8
11/6/2014,17.3
11/7/2014,8.4
11/8/2014,9.3
11/9/2014,7.8
11/10/2014,10.2
11/11/2014,17.4
11/12/2014,13.7
11/13/2014,1
11/14/2014,-2.4
11/15/2014,-2.3
11/16/2014,3.2
11/17/2014,0.8
11/18/2014,-2.7
11/19/2014,-7.8
11/20/2014,2.1
11/21/2014,0.1
11/22/2014,2
11/23/2014,12.6
11/24/2014,13.4
11/25/2014,11.7
11/26/2014,0.1
11/27/2014,1.8
11/28/2014,-2.2
11/29/2014,2.1
11/30/2014,12.4
12/1/2014,17
12/2/2014,1.4
12/3/2014,0.3
12/4/2014,5.5
12/5/2014,2.8
12/6/2014,4.4
12/7/2014,5.4
12/8/2014,3
12/9/2014,3.5
12/10/2014,4.6
12/11/2014,1.3
12/12/2014,1.1
12/13/2014,0.9
12/14/2014,9.6
12/15/2014,9.2
12/16/2014,7.7
12/17/2014,7.5
12/18/2014,-1.1
12/19/2014,-2.6
12/20/2014,-1.1
12/21/2014,1.4
12/22/2014,6.1
12/23/2014,6.6
12/24/2014,12.2
12/25/2014,6.4
12/26/2014,6
12/27/2014,11.4
12/28/2014,8.8
12/29/2014,-0.2
12/30/2014,4.4
12/31/2014,-3.6
1/2/2015,0.1
1/3/2015,4.5
1/4/2015,4.2
1/5/2015,1.4
1/6/2015,-11.7
1/7/2015,-9.6
1/8/2015,-11.8
1/9/2015,-6.1
1/10/2015,-5.6
1/11/2015,-4.5
1/12/2015,0
1/13/2015,0.1
1/14/2015,-7.9
1/15/2015,-5.2
1/16/2015,2.2
1/17/2015,6.1
1/18/2015,8.4
1/19/2015,4.8
1/20/2015,11.8
1/21/2015,6.9
1/22/2015,3.2
1/23/2015,1.3
1/24/2015,0.6
1/25/2015,7.2
1/26/2015,0.9
1/27/2015,-1.7
1/28/2015,0.6
1/29/2015,4.2
1/30/2015,5.1
1/31/2015,0.9
2/1/2015,3.2
2/2/2015,1.2
2/3/2015,-7.2
2/4/2015,1.5
2/5/2015,1.9
2/6/2015,-4.9
2/7/2015,2.5
2/8/2015,9.3
2/9/2015,11.4
2/10/2015,0.2
2/11/2015,2.3
2/12/2015,1.7
2/13/2015,-6.4
2/14/2015,-1.8
2/15/2015,-1.3
2/16/2015,-8.4
2/17/2015,-7.8
2/19/2015,-9.5
2/20/2015,-12.4
2/21/2015,-6.5
2/22/2015,-0.3
2/23/2015,-1.9
2/24/2015,-5.4
2/25/2015,-2.5
2/26/2015,2
2/27/2015,-5.9
2/28/2015,-7.2
3/1/2015,-1
3/2/2015,0.4
3/3/2015,0
3/4/2015,4.1
3/5/2015,1
3/6/2015,-5.8
3/7/2015,-1.6
3/8/2015,7.1
3/9/2015,9.6
3/10/2015,13.2
3/11/2015,9.4
3/12/2015,14.6
3/13/2015,13.8
3/14/2015,8.5
3/15/2015,15
3/16/2015,18
3/17/2015,23.2
3/18/2015,15.6
3/19/2015,9
3/20/2015,9.8
3/21/2015,8.7
3/22/2015,13.8
3/23/2015,8.5
3/24/2015,1.6
3/25/2015,6.8
3/26/2015,9.4
3/27/2015,8
3/28/2015,1.5
3/29/2015,6.2
3/30/2015,8.7
3/31/2015,17.7
4/1/2015,15.1
4/2/2015,21.9
4/3/2015,20.2
4/4/2015,13.4
4/5/2015,14.6
4/6/2015,18.1
4/7/2015,17.4
4/8/2015,18.5
4/9/2015,24.7
4/10/2015,24.5
4/11/2015,18.9
4/12/2015,18.7
4/13/2015,20.4
4/14/2015,20.1
4/15/2015,20.6
4/16/2015,21.2
4/17/2015,17.4
4/18/2015,26.4
4/19/2015,27.6
4/20/2015,16.1
4/21/2015,13.9
4/22/2015,15.1
4/23/2015,11.1
4/24/2015,13.6
4/25/2015,18.4
4/26/2015,11.2
4/27/2015,14.1
4/28/2015,13.8
4/29/2015,18.9
4/30/2015,20
5/1/2015,14
5/2/2015,23.1
5/3/2015,24.4
5/4/2015,26.9
5/5/2015,22.8
5/6/2015,28.9
5/7/2015,30.2
5/8/2015,29.8
5/9/2015,29.6
5/10/2015,26
5/11/2015,27
5/12/2015,22.5
5/13/2015,-999
5/14/2015,18.2
5/15/2015,22
5/16/2015,28.9
5/17/2015,25.4
5/18/2015,26.5
5/19/2015,28.4
5/20/2015,15.8
5/21/2015,11.1
5/22/2015,19.6
5/23/2015,25.5
5/24/2015,27.7
5/25/2015,29.8
5/26/2015,27.8
5/27/2015,26.3
5/28/2015,27.2
5/29/2015,30.3
5/30/2015,30.1
5/31/2015,27.6
6/1/2015,14.9
6/2/2015,19.5
6/3/2015,22.5
6/4/2015,25.5
6/5/2015,27.2
6/6/2015,27.5
6/7/2015,25.5
6/8/2015,31
6/9/2015,27.3
6/10/2015,29.6
6/11/2015,32.3
6/12/2015,31.7
6/13/2015,31.1
6/14/2015,30.8
6/15/2015,28.5
6/16/2015,30.1
6/17/2015,26.7
6/18/2015,24.9
6/19/2015,29.1
6/20/2015,21.7
6/21/2015,26.9
6/22/2015,29.3
6/23/2015,29.7
6/24/2015,26.7
6/25/2015,26.5
6/26/2015,27.5
6/27/2015,22
6/28/2015,23.1
6/29/2015,26
6/30/2015,25.9
7/1/2015,27.2
7/2/2015,25.9
7/3/2015,25.2
7/4/2015,24.3
7/5/2015,28.6
7/6/2015,29.9
7/7/2015,29.7
7/8/2015,24.5
7/9/2015,19.1
7/10/2015,21.7
7/11/2015,28.4
7/12/2015,27.5
7/13/2015,28.6
7/14/2015,29.5
7/15/2015,28.8
7/16/2015,27.4
7/17/2015,27.9
7/18/2015,31.1
7/19/2015,33
7/20/2015,29.8
7/21/2015,28.3
7/22/2015,26.8
7/23/2015,29.1
7/24/2015,29.5
7/25/2015,30.2
7/26/2015,30.5
7/27/2015,31.5
7/28/2015,30.1
7/29/2015,34.6
7/30/2015,31
7/31/2015,29.7
8/1/2015,30.4
8/2/2015,28.9
8/3/2015,31.5
8/4/2015,29.8
8/5/2015,27.8
8/6/2015,28.8
8/7/2015,26.3
8/8/2015,29.1
8/9/2015,29.4
8/10/2015,25.9
8/11/2015,29.4
8/12/2015,28.8
8/13/2015,27.5
8/14/2015,29
8/15/2015,30.3
8/16/2015,31.1
8/17/2015,31.4
8/18/2015,31.4
8/19/2015,28.9
8/20/2015,27.2
8/21/2015,24.2
8/22/2015,27.9
8/23/2015,27.6
8/24/2015,27.2
8/25/2015,23.3
8/26/2015,23.3
8/27/2015,23.8
8/28/2015,27.5
8/29/2015,28.1
8/30/2015,27.4
8/31/2015,30.1
9/1/2015,30.9
9/2/2015,30.6
9/3/2015,32.4
9/4/2015,32.8
9/5/2015,34
9/6/2015,31.3
9/7/2015,33.7
9/8/2015,33.5
9/9/2015,32.1
9/10/2015,26.2
9/11/2015,31
9/12/2015,20.5
9/13/2015,19.6
9/14/2015,22.3
9/15/2015,26.4
9/16/2015,29
9/17/2015,29
9/18/2015,30
9/19/2015,28.2
9/20/2015,22.3
9/21/2015,24.3
9/22/2015,25.1
9/23/2015,30.7
9/24/2015,29.5
9/25/2015,28.6
9/26/2015,28.5
9/27/2015,24.3
9/28/2015,28
9/29/2015,28.7
9/30/2015,24.5
10/1/2015,20.7
10/2/2015,19.1
10/3/2015,19.4
10/4/2015,12
10/5/2015,21.8
10/6/2015,23.8
10/7/2015,22.6
10/8/2015,27.4
10/9/2015,26.5
10/10/2015,18.5
10/11/2015,21.3
10/12/2015,24.7
10/13/2015,25.1
10/14/2015,18.4
10/15/2015,19.3
10/16/2015,23.6
10/17/2015,15.6
10/18/2015,12.1
10/19/2015,18.5
10/20/2015,21.2
10/21/2015,24.4
10/22/2015,26.8
10/23/2015,24.1
10/24/2015,21.1
10/25/2015,21.8
10/26/2015,18.2
10/27/2015,18.9
10/28/2015,11.4
10/29/2015,14.4
10/30/2015,6.4
10/31/2015,15.1
11/1/2015,13.5
11/2/2015,20.5
11/3/2015,24
11/4/2015,25.7
11/5/2015,25.2
11/6/2015,22.3
11/7/2015,18.6
11/8/2015,13.3
11/9/2015,15.6
11/10/2015,17
11/11/2015,15.5
11/12/2015,18.7
11/13/2015,14.8
11/14/2015,9.3
11/15/2015,14.3
11/16/2015,19.4
11/17/2015,12.9
11/18/2015,15.4
11/19/2015,17.4
11/20/2015,9.5
11/21/2015,9.1
11/22/2015,4.4
11/23/2015,-2
11/24/2015,5
11/25/2015,9.6
11/26/2015,13.9
11/27/2015,18
11/28/2015,16.4
11/29/2015,3.9
11/30/2015,4.1
12/1/2015,8.3
12/2/2015,7.2
12/3/2015,3.6
12/4/2015,5
12/5/2015,3.9
12/6/2015,7.4
12/7/2015,12.5
12/8/2015,3.9
12/9/2015,10.9
12/10/2015,13.5
12/11/2015,14.5
12/12/2015,16.7
12/13/2015,19.8
12/14/2015,17.6
12/15/2015,18.7
12/16/2015,7.1
12/17/2015,12.2
12/18/2015,0.4
12/19/2015,0.6
12/20/2015,1
12/21/2015,10.4
12/22/2015,13
12/23/2015,9.9
12/24/2015,17.2
12/25/2015,9.3
12/26/2015,9.8
12/27/2015,12.7
12/28/2015,9.1
12/29/2015,7.8
12/30/2015,7.7
12/31/2015,0.1
1/2/2016,-1.1
1/3/2016,2.9
1/4/2016,-0.3
1/5/2016,2.1
1/6/2016,2.9
1/7/2016,5.6
1/8/2016,10.8
1/9/2016,7.9
1/10/2016,7.4
1/11/2016,0.4
1/12/2016,-1.4
1/13/2016,-1.1
1/14/2016,-3.8
1/15/2016,9.8
1/16/2016,7.5
1/17/2016,-0.2
1/18/2016,-5.7
1/19/2016,-12
1/20/2016,-4.2
1/21/2016,-2
1/22/2016,-3
1/23/2016,-2.3
1/24/2016,0.9
1/25/2016,3.7
1/26/2016,8.3
1/27/2016,6.6
1/28/2016,1.5
1/29/2016,7.3
1/30/2016,5.1
1/31/2016,13
2/1/2016,15.4
2/2/2016,10.9
2/3/2016,15.5
2/4/2016,12.3
2/5/2016,0.5
2/6/2016,0.2
2/7/2016,7.7
2/8/2016,10.8
2/9/2016,3.1
2/10/2016,-6.1
2/11/2016,-8.1
2/12/2016,-2.9
2/13/2016,-3.4
2/14/2016,-5.7
2/15/2016,-6.2
2/16/2016,1.8
2/17/2016,0.1
2/18/2016,3.2
2/19/2016,8.3
2/20/2016,17.3
2/21/2016,20.3
2/22/2016,10.8
2/23/2016,9.9
2/24/2016,10
2/25/2016,1.5
2/26/2016,2.4
2/27/2016,3
2/28/2016,9.4
2/29/2016,18.7
3/1/2016,13
3/2/2016,8.7
3/3/2016,3.2
3/4/2016,3.3
3/5/2016,2.2
3/6/2016,5.3
3/7/2016,11.7
3/8/2016,17.7
3/9/2016,21.7
3/10/2016,20.1
3/11/2016,13.9
3/12/2016,15.7
3/13/2016,13.6
3/14/2016,16.5
3/15/2016,15
3/16/2016,23.5
3/17/2016,18.3
3/18/2016,16
3/19/2016,12
3/20/2016,9.7
3/21/2016,7.9
3/22/2016,10.9
3/23/2016,19.2
3/24/2016,18.7
3/25/2016,17.1
3/26/2016,11.1
3/27/2016,16.7
3/28/2016,22.1
3/29/2016,10.4
3/30/2016,14.5
3/31/2016,16.3
4/1/2016,19.3
4/2/2016,10.8
4/3/2016,7.6
4/4/2016,17.2
4/5/2016,4.2
4/6/2016,10
4/7/2016,13.9
4/8/2016,7.4
4/9/2016,7.4
4/10/2016,5.7
4/11/2016,11.1
4/12/2016,12.5
4/13/2016,11.6
4/14/2016,15.7
4/15/2016,18.8
4/16/2016,24.9
4/17/2016,27.9
4/18/2016,28.4
4/19/2016,29.1
4/20/2016,28.6
4/21/2016,24.7
4/22/2016,21.5
4/23/2016,16.1
4/24/2016,20.1
4/25/2016,25.8
4/26/2016,26.7
4/27/2016,22.3
4/28/2016,15.5
4/29/2016,17.7
4/30/2016,14.4
5/1/2016,12.9
5/2/2016,19.9
5/3/2016,12.7
5/4/2016,19.7
5/5/2016,13
5/6/2016,18.3
5/7/2016,24.7
5/8/2016,21.8
5/9/2016,19.1
5/10/2016,16.1
5/11/2016,22.4
5/12/2016,27
5/13/2016,21.5
5/14/2016,20.9
5/15/2016,13.8
5/16/2016,13.8
5/17/2016,19.3
5/18/2016,33.9
5/19/2016,22.2
5/20/2016,23.3
5/21/2016,21
5/22/2016,24.9
5/23/2016,28.5
5/24/2016,28.4
5/25/2016,34.1
5/26/2016,29.9
5/27/2016,27.2
5/28/2016,29.1
5/29/2016,29.4
5/30/2016,30.1
5/31/2016,31.3
6/1/2016,31.6
6/2/2016,27.7
6/3/2016,29.2
6/4/2016,30
6/5/2016,20.7
6/6/2016,25.9
6/7/2016,29.7
6/8/2016,22.8
6/9/2016,26
6/10/2016,28.8
6/11/2016,33.5
6/12/2016,34.2
6/13/2016,31.4
6/14/2016,33.3
6/15/2016,29.4
6/16/2016,32.6
6/17/2016,27.9
6/18/2016,30.4
6/19/2016,32.3
6/20/2016,32.1
6/21/2016,33.4
6/22/2016,29.2
6/23/2016,30
6/24/2016,29.3
6/25/2016,29.4
6/26/2016,32.3
6/27/2016,32.8
6/28/2016,31.5
6/29/2016,22.9
6/30/2016,28.4
7/1/2016,26.3
7/2/2016,23.3
7/3/2016,20.7
7/4/2016,17.8
7/5/2016,25.5
7/6/2016,31.4
7/7/2016,29.6
7/8/2016,29.1
7/9/2016,30.7
7/10/2016,25.7
7/11/2016,30.7
7/12/2016,31.3
7/13/2016,31.6
7/14/2016,29.7
7/15/2016,30.2
7/16/2016,27
7/17/2016,27.6
7/18/2016,29.6
7/19/2016,28.2
7/20/2016,32.6
7/21/2016,31
7/22/2016,32.1
7/23/2016,33.8
7/24/2016,33.1
7/25/2016,32.9
7/26/2016,31.3
7/27/2016,31.2
7/28/2016,32.9
7/29/2016,31.7
7/30/2016,29.8
7/31/2016,28.6
8/1/2016,29.8
8/2/2016,30.9
8/3/2016,33.1
8/4/2016,32.2
8/5/2016,35
8/6/2016,29.3
8/7/2016,29.4
8/8/2016,29.7
8/9/2016,29.8
8/10/2016,32.3
8/11/2016,33
8/12/2016,33.2
8/13/2016,32.4
8/14/2016,30
8/15/2016,27.3
8/16/2016,23.5
8/17/2016,27.7
8/18/2016,29
8/19/2016,30.1
8/20/2016,29.4
8/21/2016,27.6
8/22/2016,24.5
8/23/2016,27.4
8/24/2016,27.4
8/25/2016,30.2
8/26/2016,29.6
8/27/2016,31
8/28/2016,30.3
8/29/2016,34.5
8/30/2016,33.7
8/31/2016,31.6
9/1/2016,29.4
9/2/2016,25
9/3/2016,25.3
9/4/2016,28.1
9/5/2016,28.5
9/6/2016,31.7
9/7/2016,32.5
9/8/2016,32.8
9/9/2016,27.2
9/10/2016,26.7
9/11/2016,24.8
9/12/2016,28.5
9/13/2016,27.8
9/14/2016,29.5
9/15/2016,26.4
9/16/2016,28.1
9/17/2016,29.8
9/18/2016,28.3
9/19/2016,29.4
9/20/2016,31.1
9/21/2016,33.1
9/22/2016,33
9/23/2016,32.5
9/24/2016,32.7
9/25/2016,28.5
9/26/2016,31.8
9/27/2016,22.8
9/28/2016,23.9
9/29/2016,17.5
9/30/2016,22.5
10/1/2016,20.9
10/2/2016,18.3
10/3/2016,20.9
10/4/2016,22.2
10/5/2016,27.3
10/6/2016,27.9
10/7/2016,30.1
10/8/2016,27.2
10/9/2016,20.5
10/10/2016,24.6
10/11/2016,26
10/12/2016,25.5
10/13/2016,23.8
10/14/2016,18.1
10/15/2016,21.3
10/16/2016,24.2
10/17/2016,22.2
10/18/2016,28.8
10/19/2016,25.4
10/20/2016,21.9
10/21/2016,14.6
10/22/2016,13.3
10/23/2016,16.4
10/24/2016,23.5
10/25/2016,17.7
10/26/2016,13.2
10/27/2016,16.2
10/28/2016,15.4
10/29/2016,19.6
10/30/2016,27.1
10/31/2016,20.3
11/1/2016,19.7
11/2/2016,26.1
11/3/2016,24.7
11/4/2016,18.5
11/5/2016,17.3
11/6/2016,19.3
11/7/2016,22.7
11/8/2016,22.2
11/9/2016,13.8
11/10/2016,15
11/11/2016,16.5
11/12/2016,14.1
11/13/2016,14.5
11/14/2016,14.1
11/15/2016,17.4
11/16/2016,16.6
11/17/2016,20.2
11/18/2016,23.1
11/19/2016,22
11/20/2016,5.1
11/21/2016,3
11/22/2016,7.5
11/23/2016,8.6
11/24/2016,7.8
11/25/2016,7.6
11/26/2016,4.7
11/27/2016,9.1
11/28/2016,9.5
11/29/2016,11.4
11/30/2016,15.6
12/1/2016,9.9
12/2/2016,5
12/3/2016,4.8
12/4/2016,2.7
12/5/2016,2.9
12/6/2016,6.8
12/7/2016,5
12/8/2016,2.1
12/9/2016,-5.3
12/10/2016,-1
12/11/2016,-1.5
12/12/2016,0.8
12/13/2016,1.4
12/14/2016,-0.8
12/15/2016,-4.2
12/16/2016,-8.6
12/17/2016,-3.4
12/18/2016,-0.2
12/19/2016,-6.5
12/20/2016,-7.5
12/21/2016,1.6
12/22/2016,5
12/23/2016,4.9
12/24/2016,3
12/25/2016,3.8
12/26/2016,7.7
12/27/2016,17
12/28/2016,3.4
12/29/2016,8.3
12/30/2016,3.6
12/31/2016,2.4
1/2/2017,7.8
1/3/2017,9.8
1/4/2017,6.4
1/5/2017,-2.1
1/6/2017,-9.8
1/7/2017,-10.7
1/8/2017,-7.8
1/9/2017,-7.2
1/10/2017,2.4
1/11/2017,12.3
1/12/2017,16.1
1/13/2017,10.2
1/14/2017,-1
1/15/2017,-0.5
1/16/2017,1.7
1/17/2017,10.4
1/18/2017,12.7
1/19/2017,3.1
1/20/2017,7
1/21/2017,11.5
1/22/2017,17.8
1/23/2017,11.7
1/24/2017,5.5
1/25/2017,4.3
1/26/2017,10.8
1/27/2017,1.6
1/28/2017,-1
1/29/2017,0
1/30/2017,-2.6
1/31/2017,2.9
2/1/2017,4.9
2/2/2017,4.2
2/3/2017,-1.5
2/4/2017,-0.8
2/5/2017,2
2/6/2017,7.9
2/7/2017,10.6
2/8/2017,15.7
2/9/2017,0.6
2/10/2017,-6.5
2/11/2017,8.9
2/12/2017,18.9
2/13/2017,10.8
2/14/2017,7.7
2/15/2017,10.9
2/16/2017,4.4
2/17/2017,9.1
2/18/2017,19.5
2/19/2017,20.3
2/20/2017,21.9
2/21/2017,21.3
2/22/2017,17.7
2/23/2017,20.2
2/24/2017,17.5
2/25/2017,19.7
2/26/2017,4.5
2/27/2017,9.3
2/28/2017,14
3/1/2017,17.9
3/2/2017,16.6
3/3/2017,3.3
3/4/2017,2.5
3/5/2017,8.6
3/6/2017,18.9
3/7/2017,16.5
3/8/2017,17.6
3/9/2017,13.8
3/10/2017,12.8
3/11/2017,3.7
3/12/2017,1.5
3/13/2017,5.5
3/14/2017,-0.3
3/15/2017,-1.6
3/16/2017,0.6
3/17/2017,7.3
3/18/2017,7.5
3/19/2017,5.9
3/20/2017,12.7
3/21/2017,12.1
3/22/2017,13.7
3/23/2017,4.7
3/24/2017,11.3
3/25/2017,24.2
3/26/2017,22.4
3/27/2017,17
3/28/2017,16.6
3/29/2017,11.3
3/30/2017,13.8
3/31/2017,14.5
4/1/2017,5.5
4/2/2017,15.1
4/3/2017,18.3
4/4/2017,19.5
4/5/2017,13.5
4/6/2017,11.6
4/7/2017,10.2
4/8/2017,12
4/9/2017,18.7
4/10/2017,24.5
4/11/2017,21.6
4/12/2017,16.7
4/14/2017,24
4/15/2017,27.4
4/16/2017,27.2
4/17/2017,22.3
4/18/2017,24.2
4/19/2017,26.1
4/20/2017,28.4
4/21/2017,26.3
4/22/2017,13.9
4/23/2017,17.3
4/24/2017,21.9
4/25/2017,24.7
4/26/2017,26.7
4/27/2017,28.4
4/28/2017,16
4/29/2017,14.3
4/30/2017,14.4
5/1/2017,20.1
5/2/2017,19.7
5/3/2017,12.2
5/4/2017,13.1
5/5/2017,8.8
5/6/2017,13.1
5/7/2017,13.8
5/8/2017,16.7
5/9/2017,20.3
5/10/2017,16.9
5/11/2017,28.3
5/12/2017,18
5/13/2017,22.5
5/14/2017,26.3
5/15/2017,29
5/16/2017,29.6
5/17/2017,29.4
5/18/2017,29.5
5/19/2017,31.4
5/20/2017,20.1
5/21/2017,25.2
5/22/2017,20.6
5/23/2017,22.4
5/24/2017,23.6
5/25/2017,17.4
5/26/2017,18.5
5/27/2017,26.5
5/28/2017,25.1
5/29/2017,26.3
5/30/2017,28.1
5/31/2017,26
6/1/2017,24.9
6/2/2017,28.3
6/3/2017,29.3
6/4/2017,32.9
6/5/2017,31.3
6/6/2017,31.6
6/7/2017,25.9
6/8/2017,24.7
6/9/2017,27.3
6/10/2017,30.5
6/11/2017,30.5
6/12/2017,31.6
6/13/2017,33.8
6/14/2017,34
6/15/2017,31.9
6/16/2017,32
6/17/2017,32.6
6/18/2017,28.8
6/19/2017,27
6/20/2017,26.3
6/21/2017,29.5
6/22/2017,32.1
6/23/2017,29.4
6/24/2017,26.1
6/25/2017,23.7
6/26/2017,23.6
6/27/2017,22.5
6/28/2017,25.7
6/29/2017,27.3
6/30/2017,30.7
7/1/2017,28.2
7/2/2017,28.2
7/3/2017,29.9
7/4/2017,32.1
7/5/2017,31.7
7/6/2017,30
7/7/2017,32.5
7/8/2017,31.4
7/9/2017,26.7
7/10/2017,29.3
7/11/2017,29.9
7/12/2017,25.3
7/13/2017,31.3
7/14/2017,29.8
7/15/2017,26.7
7/16/2017,27.9
7/17/2017,30.3
7/18/2017,29.8
7/19/2017,31.7
7/20/2017,31.5
7/21/2017,32
7/22/2017,32.8
7/23/2017,29.6
7/24/2017,30.9
7/25/2017,26.7
7/26/2017,27.4
7/27/2017,30.8
7/28/2017,30.2
7/29/2017,27.5
7/30/2017,26
7/31/2017,30
8/1/2017,30.1
8/2/2017,31.2
8/3/2017,30.2
8/4/2017,29.4
8/5/2017,18.5
8/6/2017,25.3
8/7/2017,22.3
8/8/2017,25.1
8/9/2017,28
8/11/2017,28.9
8/12/2017,27.4
8/13/2017,25.8
8/14/2017,28.6
8/15/2017,29
8/16/2017,32
8/17/2017,31
8/18/2017,28.7
8/19/2017,27.9
8/20/2017,29.5
8/21/2017,32.6
8/22/2017,31.3
8/23/2017,26
8/24/2017,24.8
8/25/2017,25.8
8/26/2017,23
8/27/2017,25.2
8/28/2017,27.1
8/29/2017,29.1
8/30/2017,29.7
8/31/2017,27.1
9/1/2017,24.9
9/2/2017,20.4
9/3/2017,24.3
9/4/2017,27.3
9/5/2017,30.5
9/6/2017,21.6
9/7/2017,19.4
9/8/2017,21.2
9/9/2017,25.8
9/10/2017,22.9
9/11/2017,23.2
9/12/2017,22.6
9/13/2017,25.8
9/14/2017,20.4
9/15/2017,28.4
9/16/2017,32.5
9/17/2017,32.5
9/18/2017,32.3
9/19/2017,29.1
9/20/2017,27.9
9/21/2017,32.8
9/22/2017,35
9/23/2017,35.9
9/24/2017,35.4
9/25/2017,35
9/26/2017,33.9
9/27/2017,32.3
9/28/2017,24.4
9/29/2017,22.7
9/30/2017,23.8
10/1/2017,22.2
10/2/2017,24.6
10/3/2017,28.8
10/4/2017,28.1
10/5/2017,26.3
10/6/2017,24.8
10/7/2017,21.2
10/8/2017,29.4
10/9/2017,25.1
10/10/2017,28.6
10/11/2017,24.2
10/12/2017,19.1
10/13/2017,17
10/14/2017,24.8
10/15/2017,29
10/16/2017,23.7
10/17/2017,18.5
10/18/2017,20.9
10/19/2017,21.7
10/20/2017,26
10/21/2017,25.7
10/22/2017,26
10/23/2017,24.6
10/24/2017,16.6
10/25/2017,9.8
10/26/2017,11.5
10/27/2017,18.4
10/28/2017,14.2
10/29/2017,4.8
10/30/2017,8.1
10/31/2017,10.6
11/1/2017,6
11/3/2017,18
11/4/2017,12.8
11/5/2017,15.1
11/6/2017,19.9
11/7/2017,11.3
11/8/2017,9.3
11/9/2017,12.9
11/10/2017,10.8
11/11/2017,2.4
11/12/2017,8
11/13/2017,5.2
11/14/2017,6.9
11/15/2017,11.9
11/16/2017,9.8
11/17/2017,2.8
11/18/2017,9.7
11/19/2017,12.9
11/20/2017,3.4
11/21/2017,11
11/22/2017,8.5
11/23/2017,5
11/24/2017,8.1
11/25/2017,14.9
11/26/2017,12.9
11/27/2017,10.8
11/28/2017,17.4
11/29/2017,18.7
11/30/2017,14.3
12/1/2017,12.4
12/2/2017,14.6
12/3/2017,14.5
12/4/2017,16.9
12/5/2017,17.3
12/6/2017,13.6
12/7/2017,4.4
12/8/2017,-1.7
12/9/2017,2
12/10/2017,0
12/11/2017,4.9
12/12/2017,7.7
12/13/2017,-0.1
12/14/2017,4.8
12/15/2017,2.7
12/16/2017,2
12/17/2017,10.7
12/18/2017,6.7
12/19/2017,9.1
12/20/2017,10.1
12/21/2017,7.2
12/22/2017,9.4
12/23/2017,4.8
12/24/2017,3.3
12/25/2017,-1
12/26/2017,-6.7
12/27/2017,-12.4
12/28/2017,-13.5
12/29/2017,-5.7
12/30/2017,-7.7
12/31/2017,-10
1/2/2018,-19
1/3/2018,-13
1/4/2018,-7
1/5/2018,-13.2
1/6/2018,-12.6
1/7/2018,-10.7
1/8/2018,1.6
1/9/2018,1.2
1/10/2018,3.7
1/11/2018,12.7
1/12/2018,15
1/13/2018,-2.1
1/14/2018,-8
1/15/2018,-4.9
1/16/2018,-4.1
1/17/2018,-12.3
1/18/2018,-7.1
1/19/2018,-0.3
1/20/2018,3.6
1/21/2018,6.3
1/22/2018,8.9
1/23/2018,12.3
1/24/2018,3.6
1/25/2018,-0.7
1/26/2018,8.7
1/27/2018,13
1/28/2018,11.5
1/29/2018,11.5
1/30/2018,-0.4
1/31/2018,0.9
2/1/2018,7.4
2/2/2018,2
2/3/2018,-5.3
2/4/2018,3.6
2/5/2018,3.1
2/6/2018,-5.6
2/7/2018,-6.2
2/8/2018,-4.4
2/9/2018,-2.6
2/10/2018,7.6
2/11/2018,-3.2
2/12/2018,-3.5
2/13/2018,-0.5
2/14/2018,7.1
2/15/2018,10.8
2/16/2018,15.8
2/17/2018,5.4
2/18/2018,1.6
2/19/2018,8.4
2/20/2018,16.9
2/21/2018,20.3
2/22/2018,4.5
2/23/2018,7.4
2/24/2018,9
2/25/2018,11.8
2/26/2018,13
2/27/2018,13.1
2/28/2018,16.7
3/1/2018,17.7
3/2/2018,11.4
3/3/2018,9
3/4/2018,9.9
3/5/2018,9.7
3/6/2018,6.6
3/7/2018,8.4
3/8/2018,1.5
3/9/2018,-0.6
3/10/2018,5.8
3/11/2018,7.4
3/12/2018,6.5
3/13/2018,5.7
3/14/2018,4.2
3/15/2018,7.4
3/16/2018,12.4
3/17/2018,6.6
3/18/2018,3.3
3/19/2018,15.3
3/20/2018,12.6
3/21/2018,6
3/22/2018,7.7
3/23/2018,10.4
3/24/2018,9.7
3/25/2018,3.5
3/26/2018,8.7
3/27/2018,13
3/28/2018,12.5
3/29/2018,11.4
3/30/2018,9.5
3/31/2018,11.3
4/1/2018,12.4
4/2/2018,5.3
4/3/2018,8.9
4/4/2018,18.9
4/5/2018,2
4/6/2018,9.2
4/7/2018,6.6
4/8/2018,4.3
4/9/2018,8
4/10/2018,5.3
4/11/2018,7.1
4/12/2018,17.7
4/13/2018,25.3
4/14/2018,22.2
4/15/2018,20.7
4/16/2018,8.9
4/17/2018,1
4/18/2018,6.8
4/19/2018,9
4/20/2018,13.3
4/21/2018,16.9
4/22/2018,15.9
4/23/2018,19.7
4/24/2018,19.4
4/25/2018,16.3
4/26/2018,17.7
4/27/2018,21.2
4/28/2018,19.9
4/29/2018,12.6
4/30/2018,19.8
5/1/2018,24.2
5/2/2018,28.5
5/3/2018,30.1
5/4/2018,24.1
5/5/2018,22.9
5/6/2018,28.2
5/7/2018,26.1
5/8/2018,24.8
5/9/2018,28.4
5/10/2018,28.2
5/11/2018,27.1
5/12/2018,28.2
5/13/2018,23.5
5/14/2018,29.9
5/15/2018,32.1
5/16/2018,24.8
5/17/2018,26.5
5/18/2018,27.6
5/19/2018,22.1
5/20/2018,27
5/21/2018,23.6
5/22/2018,26.5
5/23/2018,27.3
5/24/2018,28.4
5/25/2018,31.5
5/26/2018,32.3
5/27/2018,31.1
5/28/2018,37.3
5/29/2018,36.6
5/30/2018,34.2
5/31/2018,29.3
6/1/2018,31.4
6/2/2018,31.6
6/3/2018,28.6
6/4/2018,27.9
6/5/2018,26.3
6/6/2018,30.6
6/7/2018,27.7
6/8/2018,32.4
6/9/2018,29.1
6/10/2018,29.6
6/11/2018,20.5
6/12/2018,26.7
6/13/2018,29.2
6/14/2018,28.8
6/15/2018,29.6
6/16/2018,34.7
6/17/2018,33.5
6/18/2018,33.3
6/19/2018,33.1
6/20/2018,32.2
6/21/2018,31.2
6/22/2018,23.6
6/23/2018,26.2
6/24/2018,23.9
6/25/2018,29.7
6/26/2018,27.4
6/27/2018,27.2
6/28/2018,28.2
6/29/2018,31.5
7/2/2018,32.7
7/3/2018,32.3
7/4/2018,34.5
7/5/2018,33.6
7/6/2018,29.5
7/7/2018,26.3
7/8/2018,26.3
7/9/2018,32.4
7/10/2018,32.4
7/11/2018,32.5
7/12/2018,29.1
7/13/2018,31.7
7/14/2018,31.5
7/15/2018,30.9
7/16/2018,31.3
7/17/2018,31.3
7/18/2018,29.6
7/19/2018,28.1
7/26/2018,30.4
7/27/2018,27.9
7/28/2018,25.6
7/29/2018,26.9
7/30/2018,21.3
7/31/2018,25.2
8/1/2018,22
8/2/2018,28.2
8/3/2018,29
8/4/2018,31.7
8/5/2018,31.9
8/6/2018,32.1
8/7/2018,31
8/8/2018,29.4
8/9/2018,29.1
8/10/2018,30.2
8/11/2018,31
8/12/2018,29.3
8/13/2018,30.9
8/14/2018,33.1
8/15/2018,30.9
8/16/2018,25
8/17/2018,29.8
8/18/2018,28
8/19/2018,29.2
8/20/2018,31.5
8/21/2018,28.9
8/22/2018,26.6
8/23/2018,25.4
8/24/2018,27.4
8/25/2018,24.5
8/27/2018,32.7
8/28/2018,32.3
8/29/2018,32.7
8/30/2018,27.3
8/31/2018,27.6
9/1/2018,31.9
9/5/2018,34.2
9/6/2018,33.9
9/7/2018,30.3
9/8/2018,21.3
9/13/2018,27.3
9/14/2018,31.8
9/15/2018,31.6
9/19/2018,34.2
9/20/2018,35
9/21/2018,34.3
9/22/2018,27.9
9/23/2018,19.5
9/24/2018,26
9/25/2018,26.1
9/26/2018,27.4
9/27/2018,21.9
9/28/2018,20.2
9/29/2018,24.6
9/30/2018,16.6
10/1/2018,28.4
10/2/2018,29.2
10/3/2018,23.6
10/4/2018,30.9
10/5/2018,25.3
10/6/2018,27.7
10/7/2018,28.2
10/8/2018,31.8
10/9/2018,31.1
10/10/2018,30.9
10/11/2018,22.5
10/12/2018,12.7
10/16/2018,10.6
10/17/2018,14.3
10/18/2018,12.6
10/19/2018,16.7
10/20/2018,12.5
10/21/2018,15.2
10/22/2018,11.7
10/23/2018,19.1
10/24/2018,14.7
10/25/2018,13.8
10/26/2018,12
10/27/2018,8.5
10/28/2018,13.4
10/29/2018,14.3
10/30/2018,15.4
10/31/2018,22.6
11/1/2018,19.8
11/2/2018,9.2
11/3/2018,10
11/4/2018,14.2
11/5/2018,14.3
11/6/2018,12.2
11/7/2018,12.3
11/8/2018,5.8
11/9/2018,8.7
11/10/2018,3.3
11/11/2018,2.6
11/12/2018,7.5
11/13/2018,4.1
11/17/2018,6.4
11/18/2018,4.3
11/19/2018,3.6
11/20/2018,4.2
11/21/2018,2.6
11/22/2018,3.7
11/23/2018,8.1
11/24/2018,10.1
11/25/2018,12.4
11/26/2018,10.9
11/27/2018,9
11/28/2018,-3.4
11/29/2018,0.9
11/30/2018,7.6
12/1/2018,5.6
12/4/2018,3.2
12/8/2018,0.3
12/9/2018,-1.3
12/10/2018,2
12/11/2018,-1.5
12/12/2018,6.1
12/13/2018,8.1
12/14/2018,6.5
12/15/2018,8.1
12/16/2018,5.5
12/17/2018,10.6
12/18/2018,6.1
12/19/2018,9.6
12/20/2018,11.8
12/21/2018,10.6
12/22/2018,6
12/23/2018,4.9
12/24/2018,4.2
12/25/2018,4.3
12/26/2018,12
12/27/2018,10.5
12/28/2018,12.7
12/29/2018,12.5
12/30/2018,-2.2
12/31/2018,3.4
